id,nombre,apellido,correoelectronico,contraseña,numerotelefono,id_pais,id_provincia,imagen
181,Margie,Braunes,mbraunes4z@w3.org,lo5sCuV,(361) 3632805,147,12,https://robohash.org/739
534,Agnola,Hambric,ahambrices@123-reg.co.uk,idbOf4q,(639) 5312234,147,12,https://robohash.org/231
251,Kailey,Stow,kstow6x@tuttocitta.it,54ujd3HfG,(656) 3209591,152,34,https://robohash.org/844
711,Hube,Wreiford,hwreifordjp@1688.com,MUoqDM,(951) 8865772,152,34,https://robohash.org/713
121,Nickie,Marchment,nmarchment3b@elpais.com,TiCuw5,(710) 8763669,83,48,https://robohash.org/587
154,Friederike,Tomaschke,ftomaschke48@homestead.com,rJVgF5,(254) 9278398,83,48,https://robohash.org/674
337,Korie,Chesshyre,kchesshyre9b@ovh.net,SbWFOpctRG,(641) 4485995,83,48,https://robohash.org/603
609,Rakel,Franzonello,rfranzonellogv@answers.com,qFbaWU9vbFIw,(314) 1352359,83,48,https://robohash.org/180
633,Malynda,Skull,mskullhj@cbsnews.com,eH8z09Ft,(166) 5475111,83,48,https://robohash.org/311
908,Nicole,Longlands,nlonglandsp6@apache.org,do7CXCiTSTd,(571) 2579415,83,48,https://robohash.org/55
52,Anetta,Dugget,adugget1e@lulu.com,UgFpLDHygl9F,(526) 9454261,192,58,https://robohash.org/506
213,Vasili,Byard,vbyard5v@latimes.com,rRyRA9d,(786) 6484868,192,58,https://robohash.org/766
279,Cristy,Hacard,chacard7p@usnews.com,wYtrqGN8wj2,(909) 8390472,192,58,https://robohash.org/350
754,Jarrod,Heathorn,jheathornkw@narod.ru,yRBRC0JyMn,(161) 1270315,192,58,https://robohash.org/878
791,Welbie,Dutton,wduttonlx@abc.net.au,Vwfkprl,(192) 1624130,192,58,https://robohash.org/368
860,Alain,Syalvester,asyalvesternu@statcounter.com,akZ1Ho,(860) 8038945,192,58,https://robohash.org/784
463,Martino,Ferrelli,mferrellict@mit.edu,kMm7KFsLpvD,(615) 5703363,160,67,https://robohash.org/630
680,Nisse,McRobert,nmcrobertiu@macromedia.com,46sRU76rThUW,(275) 9084636,160,67,https://robohash.org/475
980,Ingeborg,Blackmoor,iblackmoorr6@ebay.com,EvM7Il9,(826) 8280213,160,67,https://robohash.org/963
28,Sonya,McCurrie,smccurrieq@privacy.gov.au,1wAFdW,(800) 9999006,135,74,https://robohash.org/614
150,Minetta,Vest,mvest44@apple.com,xBFVXY9xp2Eb,(588) 3382973,135,74,https://robohash.org/211
479,Joey,Campbell-Dunlop,jcampbelldunlopd9@mit.edu,OrK7chBQBgD,(855) 9311085,135,74,https://robohash.org/65
484,Simone,Gallahue,sgallahuede@cnn.com,Z2DjRYj0,(753) 3674309,135,74,https://robohash.org/157
524,Franklin,Halpine,fhalpineei@yellowpages.com,GlZ5I9yzAtj,(664) 3464267,135,74,https://robohash.org/196
594,Kim,Stollenhof,kstollenhofgg@un.org,cEImtLXH,(489) 9329766,135,74,https://robohash.org/214
773,Amii,Silvers,asilverslf@forbes.com,eYMSEdV,(499) 7636407,135,74,https://robohash.org/504
871,Nixie,Marco,nmarcoo5@sphinn.com,OTDKALNelE3P,(974) 9630001,135,74,https://robohash.org/819
47,Jamal,Storek,jstorek19@qq.com,FdGl9D8ZEm,(254) 4979127,112,141,https://robohash.org/46
73,Pia,Berrow,pberrow1z@google.it,O33GAX0PzKqw,(743) 6436001,112,141,https://robohash.org/376
424,Zoe,Hackforth,zhackforthbq@ning.com,SIKaAt1ocBI1,(930) 4976208,112,141,https://robohash.org/191
702,Ragnar,Sember,rsemberjg@cyberchimps.com,ldgp5qODxr0S,(985) 8183937,112,141,https://robohash.org/983
550,Inessa,Devinn,idevinnf8@tuttocitta.it,pj31TF5yloA,(322) 4538201,113,158,https://robohash.org/318
622,Ellette,Dorrian,edorrianh8@sbwire.com,9xcRoo4qa,(519) 6028710,113,158,https://robohash.org/707
437,Alberto,Stutte,astuttec3@bizjournals.com,5y2U2MJZ0y,(556) 2882912,7,212,https://robohash.org/345
492,Nicolette,Raddon,nraddondm@wp.com,tC6VUDfSMs,(963) 8316649,7,212,https://robohash.org/842
515,Glendon,Soot,gsoote9@jiathis.com,VnHeewgDA,(753) 4121514,7,212,https://robohash.org/409
671,Piotr,Ciccotti,pciccottiil@networksolutions.com,SGAmAi1im5,(915) 5066697,7,212,https://robohash.org/403
714,Stacy,Pechell,spechelljs@youtube.com,CiOj8i,(241) 4379026,26,229,https://robohash.org/441
109,Sabra,Altimas,saltimas2z@who.int,qfNALpx7X,(703) 7532892,134,248,https://robohash.org/932
223,Gail,Bollans,gbollans65@ftc.gov,pKNALj,(702) 1887020,134,248,https://robohash.org/620
243,Cassi,Ranald,cranald6p@noaa.gov,pvmrtBR8,(243) 3917803,134,248,https://robohash.org/300
645,Roxana,McCarthy,rmccarthyhv@blogs.com,QjOaA4R,(889) 7477965,134,248,https://robohash.org/687
772,Rosetta,Braisher,rbraisherle@photobucket.com,05PZMdIob,(672) 7493373,134,248,https://robohash.org/122
867,Kai,Yurygyn,kyurygyno1@va.gov,vzubuRCT0Z41,(686) 1690095,134,248,https://robohash.org/822
308,Birgit,Ismail,bismail8i@ebay.co.uk,y5f82ARiYNj,(209) 7954042,183,259,https://robohash.org/379
380,Shurwood,Iacobo,siacoboai@economist.com,aJHxx8G,(934) 6487922,183,259,https://robohash.org/829
769,Zandra,Acory,zacorylb@delicious.com,MVhYOVbu3,(106) 8015130,183,259,https://robohash.org/197
879,Jess,Mowday,jmowdayod@netscape.com,mjAxKgm2LXq1,(846) 8132429,183,259,https://robohash.org/583
82,Pansie,Ducroe,pducroe28@netvibes.com,4qz2rKg5S,(334) 5181766,23,264,https://robohash.org/276
228,Cherianne,William,cwilliam6a@hatena.ne.jp,Lwehj3hU,(148) 1648225,23,264,https://robohash.org/229
406,Karee,O'Sheeryne,kosheeryneb8@miitbeian.gov.cn,uajwY5jee92,(243) 6129623,23,264,https://robohash.org/526
434,Bert,Ziemen,bziemenc0@army.mil,lglYGa8,(855) 4663420,23,264,https://robohash.org/289
208,Lenee,Baynes,lbaynes5q@surveymonkey.com,6PZPsM8,(154) 3600998,193,270,https://robohash.org/556
397,Doug,McTague,dmctagueaz@people.com.cn,75eDE0sm1s1p,(184) 3782242,193,270,https://robohash.org/475
466,Giraldo,Wyvill,gwyvillcw@1und1.de,ep1LkuLuEE,(818) 5757245,193,270,https://robohash.org/823
653,Erma,Gewer,egeweri3@yelp.com,LuAp1k,(331) 1776486,193,270,https://robohash.org/551
654,Luce,Beldon,lbeldoni4@taobao.com,wGEJ2L,(807) 3014824,193,270,https://robohash.org/207
964,Sybyl,De Mico,sdemicoqq@hud.gov,obRyEPi9AMCa,(301) 7449725,193,270,https://robohash.org/282
123,Mirilla,Robertazzi,mrobertazzi3d@umn.edu,5a1oBH,(164) 6633696,56,272,https://robohash.org/942
628,Fiona,Forestel,fforestelhe@wikia.com,fer9SK0W,(724) 6097567,56,272,https://robohash.org/398
43,Allayne,Reolfi,areolfi15@bloglines.com,6d1U1SKXO,(421) 7913833,161,288,https://robohash.org/670
143,Cherri,Nuscha,cnuscha3x@fema.gov,Hy2tBKKUpLMM,(376) 9944774,161,288,https://robohash.org/725
209,Jeramie,Vockins,jvockins5r@slideshare.net,2t2qS4K1ce,(863) 8149680,161,288,https://robohash.org/265
210,Elissa,Mollene,emollene5s@sciencedirect.com,0e4iSN1ZV,(158) 8031891,161,288,https://robohash.org/698
500,Veronique,McInility,vmcinilitydu@purevolume.com,lzXaxaUK,(531) 7510910,161,288,https://robohash.org/614
552,Arabele,Ewenson,aewensonfa@ox.ac.uk,79wi7xzB00,(911) 7580538,161,288,https://robohash.org/678
741,Margareta,Rennels,mrennelskj@mlb.com,zXRiSrNleW,(882) 6368882,161,288,https://robohash.org/27
802,Heddi,Farre,hfarrem8@ucla.edu,Cfv0t9w1,(169) 3344837,161,288,https://robohash.org/309
872,Selby,Richin,srichino6@tripadvisor.com,Rt7Xre,(701) 2205852,161,288,https://robohash.org/95
64,Helen-elizabeth,Flexman,hflexman1q@google.de,rFKEcH,(160) 1734669,229,324,https://robohash.org/570
142,Jayne,Wolfit,jwolfit3w@clickbank.net,Q6PRovZcpmTK,(931) 1586428,229,324,https://robohash.org/329
957,Mackenzie,MacConnechie,mmacconnechieqj@google.pl,AsgDQC8yds,(623) 7587861,125,449,https://robohash.org/918
589,Gerardo,Cholerton,gcholertongb@elpais.com,FHsrydnbIr,(997) 3107362,28,460,https://robohash.org/208
215,Abigale,Taffe,ataffe5x@harvard.edu,rK96NuHvCq,(958) 9847116,195,473,https://robohash.org/964
301,Angela,Lingard,alingard8b@telegraph.co.uk,L6b7NFxxRXG,(255) 6865677,195,473,https://robohash.org/440
566,Lion,De Carlo,ldecarlofo@archive.org,Kx8pIl2fsmH,(703) 2273334,195,473,https://robohash.org/220
574,Dolli,Coopman,dcoopmanfw@mlb.com,cuxJGM73w7,(176) 4722871,195,473,https://robohash.org/404
661,Rosaline,Walhedd,rwalheddib@instagram.com,S0Bwm4IT,(332) 5097035,195,473,https://robohash.org/623
825,Lynnea,Ingarfill,lingarfillmv@alexa.com,erUVLSpIjI,(415) 9931864,195,473,https://robohash.org/546
907,Lowell,Cranfield,lcranfieldp5@storify.com,2E6hy1hxrS,(683) 1104239,195,473,https://robohash.org/748
317,Junina,Casperri,jcasperri8r@tinyurl.com,OWrltF,(986) 2989826,6,487,https://robohash.org/737
415,Gray,Bearham,gbearhambh@loc.gov,WmUuSxbvrxq,(283) 6695072,6,487,https://robohash.org/333
527,Atlante,Ary,aaryel@spiegel.de,IVAqQ0utU,(332) 3918205,6,487,https://robohash.org/203
699,Florian,Lindback,flindbackjd@elpais.com,IGg8VJTGe,(379) 3526437,6,487,https://robohash.org/807
917,Evelina,McPhee,emcpheepf@hibu.com,uleJa7AHPaeP,(841) 3620935,6,487,https://robohash.org/696
133,Solomon,Esseby,sesseby3n@vkontakte.ru,CeCY6AUz,(974) 1766314,197,494,https://robohash.org/770
285,Genni,Sokell,gsokell7v@so-net.ne.jp,WoI1gf15Mz,(616) 7096544,197,494,https://robohash.org/979
818,Freddy,Bricknell,fbricknellmo@flavors.me,71ZaZrUz6c,(678) 7328658,197,494,https://robohash.org/896
950,Vyky,Borrott,vborrottqc@amazonaws.com,OJWWWt,(129) 9556283,197,494,https://robohash.org/895
217,Waldo,Furlow,wfurlow5z@slate.com,cdDgPT,(490) 1491429,16,518,https://robohash.org/910
414,Kevin,Tuckley,ktuckleybg@over-blog.com,eYpeBpRYT,(996) 6223243,16,518,https://robohash.org/474
518,Evania,Culpan,eculpanec@posterous.com,Z9kPiz,(853) 1534020,16,518,https://robohash.org/790
610,Jasper,Sharpin,jsharpingw@taobao.com,uY7PtDD9FQkv,(550) 8788225,16,518,https://robohash.org/196
649,Faydra,Webbe,fwebbehz@slashdot.org,bcojzq0WF,(151) 6458935,16,518,https://robohash.org/820
135,Amalia,Heintze,aheintze3p@phoca.cz,iF8p48T,(937) 5285891,3,593,https://robohash.org/977
266,Jean,Shill,jshill7c@canalblog.com,HUXRSN,(900) 3194255,3,593,https://robohash.org/117
561,Fancie,Hessel,fhesselfj@wikispaces.com,P237sclBR,(627) 4333852,3,593,https://robohash.org/499
148,Albertina,Broose,abroose42@twitter.com,HYYt0uXcDV,(973) 9249649,129,640,https://robohash.org/455
435,Adelina,Arrundale,aarrundalec1@msu.edu,vSULhfUPbuHQ,(896) 7344553,129,640,https://robohash.org/846
652,Jacky,Regina,jreginai2@baidu.com,ZF3KrBa,(534) 1031500,129,640,https://robohash.org/480
793,Damita,Hancorn,dhancornlz@economist.com,LSb7tt4pH,(366) 3980103,129,640,https://robohash.org/676
794,Rurik,Prickett,rprickettm0@omniture.com,8W8Bk8M,(794) 2163078,129,640,https://robohash.org/608
66,Reeta,Mallabon,rmallabon1s@newyorker.com,BuXIGaF,(778) 9766364,55,724,https://robohash.org/420
588,Tana,Jaray,tjarayga@nifty.com,8uXN31,(247) 4946793,55,724,https://robohash.org/184
710,Hermann,Larman,hlarmanjo@nydailynews.com,6xQRs3WTvs9h,(337) 1029537,55,724,https://robohash.org/304
18,Hewett,Pavitt,hpavittg@google.it,ydXcI3h,(349) 5786618,57,744,https://robohash.org/612
54,Ardeen,Denidge,adenidge1g@nba.com,Iu2MlUX,(525) 1290700,57,744,https://robohash.org/74
219,Germain,Bramstom,gbramstom61@baidu.com,30Hsgraip,(305) 6808246,57,744,https://robohash.org/911
385,Omar,Baynes,obaynesan@cmu.edu,9oatabztJ4g9,(179) 7769993,57,744,https://robohash.org/268
526,Townsend,Marchetti,tmarchettiek@e-recht24.de,j2EsppJv,(738) 6677148,57,744,https://robohash.org/118
553,Matilde,Flores,mfloresfb@vimeo.com,I8mrkssyn,(822) 4922205,57,744,https://robohash.org/38
797,Anitra,Congreve,acongrevem3@webmd.com,yHMlP4IJj3q,(871) 9725378,57,744,https://robohash.org/723
901,Rozalie,Kauffman,rkauffmanoz@trellian.com,D7jTUvNx,(709) 8956288,57,744,https://robohash.org/990
949,Cammy,Bradford,cbradfordqb@a8.net,9se0PQ9PWFdV,(669) 7631379,57,744,https://robohash.org/953
994,Virgina,Raiman,vraimanrk@answers.com,CUi01r90ID3,(839) 8203415,57,744,https://robohash.org/972
278,Thurstan,Ancketill,tancketill7o@google.nl,9vkENg7,(972) 5993341,19,750,https://robohash.org/391
403,Brander,Worthing,bworthingb5@moonfruit.com,fLEvgLmLLtHu,(141) 2208002,19,750,https://robohash.org/238
560,Hunter,Jonk,hjonkfi@quantcast.com,tUGq2BV,(208) 9919299,109,820,https://robohash.org/655
632,Orv,Du Plantier,oduplantierhi@ucsd.edu,T29BIlDPdF,(916) 4641564,109,820,https://robohash.org/625
683,Bentlee,Camier,bcamierix@unc.edu,Cjl0Rxr,(196) 6467508,109,820,https://robohash.org/729
721,Kaila,D'Onisi,kdonisijz@google.cn,Lun06QG,(912) 8717566,109,820,https://robohash.org/737
304,Maddie,Melly,mmelly8e@webmd.com,OZHi7ogrSK7q,(258) 3622422,39,866,https://robohash.org/672
423,Zelma,Greatrex,zgreatrexbp@boston.com,r1JiPv8Bi7,(513) 4661828,39,866,https://robohash.org/549
866,Kingston,deKnevet,kdekneveto0@umich.edu,9wlwOFl8,(837) 5043264,39,866,https://robohash.org/735
868,Hillary,Gainseford,hgainsefordo2@ning.com,S5BsryX8PrFn,(955) 4805926,39,866,https://robohash.org/533
138,Lilian,Spoward,lspoward3s@blogspot.com,pW4iFKN,(444) 2011194,209,879,https://robohash.org/660
231,Hans,Ledur,hledur6d@sina.com.cn,LkX1WDEiV,(822) 4007935,209,879,https://robohash.org/395
295,Ora,Hinsch,ohinsch85@tumblr.com,ph1Aitvd,(634) 9161813,209,879,https://robohash.org/457
408,Reinhold,Jannex,rjannexba@cargocollective.com,vjSP0hT1MHU5,(946) 4335089,209,879,https://robohash.org/215
110,Cynthia,Merrall,cmerrall30@imdb.com,GrG5ihKnHQx,(703) 7059245,81,897,https://robohash.org/942
407,Randee,Fillingham,rfillinghamb9@aol.com,AF4p97VVw,(972) 5609678,81,897,https://robohash.org/9
580,Ferdie,Regardsoe,fregardsoeg2@ovh.net,FAxxAszP,(130) 1133478,81,897,https://robohash.org/705
585,Austina,Bogays,abogaysg7@w3.org,XmKxRczl,(138) 6642322,81,897,https://robohash.org/20
595,Rex,Mertsching,rmertschinggh@netvibes.com,zBwiu3skY1Xv,(317) 1933643,81,897,https://robohash.org/164
438,Tiena,Tomashov,ttomashovc4@homestead.com,UVYMqAVI,(513) 4604698,198,911,https://robohash.org/879
947,Ricky,Biggin,rbigginq9@jimdo.com,fuFbSM2MneTV,(945) 9584264,198,911,https://robohash.org/659
87,Nelia,Roland,nroland2d@sciencedirect.com,6f2mtHL,(644) 1302347,203,915,https://robohash.org/826
128,Gabriello,Sawfoot,gsawfoot3i@wordpress.com,g3A7LMKOQKj,(298) 3717501,203,915,https://robohash.org/491
140,Wake,Awdry,wawdry3u@parallels.com,HM9guCz6f3bB,(977) 8741719,203,915,https://robohash.org/518
224,Adrian,Fairey,afairey66@blogtalkradio.com,llHZKkrsbd,(823) 9148347,203,915,https://robohash.org/788
376,Ramonda,Brader,rbraderae@economist.com,qRu90F64pS,(142) 7208873,203,915,https://robohash.org/86
503,Crista,State,cstatedx@discuz.net,juB7xJl,(751) 4389639,203,915,https://robohash.org/12
513,Kinsley,Luthwood,kluthwoode7@auda.org.au,SSlLfUV0qWJa,(997) 3836594,203,915,https://robohash.org/233
516,Malva,Applin,mapplinea@utexas.edu,BbzySP7,(988) 2967400,203,915,https://robohash.org/292
535,Kahlil,Powner,kpowneret@sourceforge.net,VJNIiymXlH,(905) 1099283,203,915,https://robohash.org/289
734,Dasie,Goor,dgoorkc@cisco.com,Thm415,(225) 7377131,203,915,https://robohash.org/420
746,Risa,Petzolt,rpetzoltko@state.tx.us,HuQLduCqmrz,(634) 7165429,203,915,https://robohash.org/274
888,Kynthia,Seyffert,kseyffertom@mayoclinic.com,NCwQM6sJHP0R,(948) 7501049,203,915,https://robohash.org/712
88,Miran,Dunphie,mdunphie2e@shinystat.com,Q2rBubSyOC,(651) 7453087,204,931,https://robohash.org/879
973,Bron,Sainer,bsainerqz@google.it,x4mF9YfM,(983) 3205992,204,931,https://robohash.org/51
62,Decca,Welburn,dwelburn1o@blog.com,3DNweVvZ,(414) 6906347,159,940,https://robohash.org/733
391,Herman,Youd,hyoudat@51.la,VbgqFPDF,(332) 7918324,159,940,https://robohash.org/208
75,Abigail,Dysert,adysert21@unblog.fr,JBAKjt,(319) 5229809,111,956,https://robohash.org/936
755,Ania,Haken,ahakenkx@reverbnation.com,kKfSymt,(793) 8748983,111,956,https://robohash.org/937
807,Tally,Timlin,ttimlinmd@theatlantic.com,jODrpXU,(356) 7670092,111,956,https://robohash.org/446
853,Crawford,Shoutt,cshouttnn@aol.com,Vkxd5bsX,(615) 6646843,111,956,https://robohash.org/654
264,Maje,McEwen,mmcewen7a@newsvine.com,AuqQ8A,(325) 6445323,212,968,https://robohash.org/639
399,Abbey,Pentlow,apentlowb1@delicious.com,0XLyOWptlZ,(748) 1411474,212,968,https://robohash.org/7
583,Hinda,Chuck,hchuckg5@acquirethisname.com,EYIXXuGg,(647) 3945466,212,968,https://robohash.org/292
914,Jan,Ianniello,jianniellopc@com.com,EN1ThAI,(637) 5122164,212,968,https://robohash.org/617
299,Aubree,Riach,ariach89@google.pl,f4vc2FM,(352) 1027825,117,972,https://robohash.org/364
969,Kahaleel,Giotto,kgiottoqv@cnbc.com,Xo0hdNK040,(677) 1054749,117,972,https://robohash.org/611
41,Gladi,Cartmale,gcartmale13@intel.com,2X5cvK1w6v,(983) 4686139,119,978,https://robohash.org/124
139,Wylma,Adamthwaite,wadamthwaite3t@webeden.co.uk,vR5qBItowd1n,(636) 5584082,119,978,https://robohash.org/569
141,Val,McGorley,vmcgorley3v@qq.com,Cz3uUf1rO,(461) 5175504,119,978,https://robohash.org/732
365,Nanny,Phifer,nphifera3@businessweek.com,ERwNHRn,(605) 2845270,119,978,https://robohash.org/413
688,Brandtr,Fullom,bfullomj2@abc.net.au,ajB9qHFqq,(152) 4297753,119,978,https://robohash.org/377
712,Shanon,Thurlby,sthurlbyjq@is.gd,Cfe74CJdQI,(166) 3369496,119,978,https://robohash.org/634
781,Wenona,Doret,wdoretln@gov.uk,0zz5uU,(401) 1193881,119,978,https://robohash.org/555
904,Esteban,Abrehart,eabrehartp2@myspace.com,EwEjGteDHu,(198) 4833978,119,978,https://robohash.org/500
367,Tobe,MacBrearty,tmacbreartya5@about.com,NpseYus1,(804) 3043317,118,997,https://robohash.org/725
878,Cindra,Beebee,cbeebeeoc@archive.org,DHvuc8stIcHv,(531) 4656327,118,997,https://robohash.org/659
960,Camey,Cummine,ccummineqm@slashdot.org,32lPGN,(503) 7874603,118,997,https://robohash.org/265
23,Whitaker,Barrett,wbarrettl@bbb.org,cYgAn85YUo5n,(809) 8779168,165,1006,https://robohash.org/715
98,Torrin,Le Provest,tleprovest2o@prlog.org,mLKB2pjS,(111) 1345319,165,1006,https://robohash.org/794
777,Farand,Hincks,fhinckslj@cnn.com,xkfEJchsjv,(808) 7509806,165,1006,https://robohash.org/464
864,Wallace,Digance,wdiganceny@feedburner.com,roGuUpV,(986) 2601434,165,1006,https://robohash.org/163
119,Gina,Scollan,gscollan39@ftc.gov,CgiG4DKSAH,(936) 6328118,99,1027,https://robohash.org/407
183,Calypso,Crookshanks,ccrookshanks51@economist.com,Ipd9qx,(118) 8314961,99,1027,https://robohash.org/887
476,Noni,Beekman,nbeekmand6@google.com.au,zlMkgRkr94,(510) 2584210,99,1027,https://robohash.org/990
530,Hogan,Hinrich,hhinricheo@walmart.com,W9bSpxZob,(427) 5540483,99,1027,https://robohash.org/116
751,Julieta,Hargerie,jhargeriekt@spiegel.de,9N7PnEI9My0,(466) 6200357,99,1027,https://robohash.org/790
886,Abigail,Boulton,aboultonok@scribd.com,ggHXX1J,(607) 1522406,99,1027,https://robohash.org/529
146,Hilary,Blayd,hblayd40@umn.edu,JuBFrNZWp,(332) 3716708,105,1069,https://robohash.org/409
162,Bari,Devlin,bdevlin4g@mysql.com,fInR4WCm,(705) 4963048,105,1069,https://robohash.org/527
427,Marlie,Dilloway,mdillowaybt@weather.com,KY1Q089jt53k,(964) 8655971,105,1069,https://robohash.org/230
445,Abba,Slatford,aslatfordcb@sciencedaily.com,IOATsOkBd4,(281) 2668288,105,1069,https://robohash.org/307
822,Chandler,Finneran,cfinneranms@noaa.gov,aKjg0o2dXkvL,(723) 7045567,105,1069,https://robohash.org/874
884,Raffarty,Joliffe,rjoliffeoi@omniture.com,ufOVgfM,(914) 1033405,105,1069,https://robohash.org/803
900,Erminie,Abdee,eabdeeoy@examiner.com,FySvAM3,(602) 7563585,105,1069,https://robohash.org/54
377,Roger,Steels,rsteelsaf@meetup.com,r2LM0retw,(841) 3199836,4,1098,https://robohash.org/218
2,Emmey,Aymer,eaymer0@amazonaws.com,7t6Px5g,(699) 6582405,207,1146,https://robohash.org/950
235,Sula,Brevitt,sbrevitt6h@latimes.com,QwcmeKcWQEct,(761) 8999431,207,1146,https://robohash.org/787
426,Jarred,Brecknell,jbrecknellbs@msu.edu,Glt0K372z,(397) 5472836,207,1146,https://robohash.org/243
742,Deirdre,Songest,dsongestkk@mayoclinic.com,92eY3dFcC8w6,(175) 5170592,207,1146,https://robohash.org/541
923,Bailey,Choupin,bchoupinpl@scribd.com,w9mTTZOo,(605) 5929977,207,1146,https://robohash.org/94
1000,Alain,Lammiman,alammimanrq@globo.com,zQJrPBp3RO,(369) 7423902,207,1146,https://robohash.org/483
85,Ludwig,Hall,lhall2b@jalbum.net,mlsmJAi,(871) 3578016,53,1209,https://robohash.org/170
340,Eadith,Smeuin,esmeuin9e@sina.com.cn,YL76oZh,(385) 2958353,53,1209,https://robohash.org/162
489,Jamill,Shafier,jshafierdj@sitemeter.com,QrISsSFs,(203) 3550475,53,1209,https://robohash.org/887
811,Daniela,Melia,dmeliamh@mozilla.com,lPgTyo9,(520) 5892874,53,1209,https://robohash.org/694
988,Becky,Bevens,bbevensre@tiny.cc,Nmawtj1n,(799) 7791308,53,1209,https://robohash.org/551
8,Thoma,Prott,tprott6@google.pl,zaZK6fD4Knb,(911) 4375272,33,1216,https://robohash.org/885
49,Karita,Leynagh,kleynagh1b@geocities.jp,I6ACfHsK4J,(545) 3683583,33,1216,https://robohash.org/713
205,Drucy,Fergusson,dfergusson5n@fema.gov,hlAvDIM,(404) 1783199,33,1216,https://robohash.org/700
227,Honey,Nuccii,hnuccii69@unc.edu,2EvCHB8eg1,(488) 5440680,33,1216,https://robohash.org/930
253,Roseanna,McArthur,rmcarthur6z@ed.gov,qQCASupSwEed,(970) 4553137,33,1216,https://robohash.org/883
323,Alina,Neising,aneising8x@nationalgeographic.com,ExvjwFVx,(999) 1168738,33,1216,https://robohash.org/102
441,Ariella,Eglinton,aeglintonc7@foxnews.com,tc6wsUM8Mu,(278) 3045298,33,1216,https://robohash.org/783
517,Terry,Shapiro,tshapiroeb@goo.gl,zVDZAcG4wz1,(319) 9620037,33,1216,https://robohash.org/188
678,Lance,Beaze,lbeazeis@noaa.gov,cU3rEEoypb,(913) 1578940,33,1216,https://robohash.org/507
703,Derick,De la Eglise,ddelaeglisejh@webeden.co.uk,N6fNIejzJN,(839) 5484116,33,1216,https://robohash.org/979
55,Madalyn,Burde,mburde1h@scientificamerican.com,7SgUPfwy2F,(951) 1571306,20,1220,https://robohash.org/949
70,Karel,Denyer,kdenyer1w@about.com,WQYh5i,(525) 2884605,20,1220,https://robohash.org/100
238,Amandy,Hierro,ahierro6k@lycos.com,cU6jo2hHO0B,(187) 1937358,20,1220,https://robohash.org/800
241,Anne,Bellhanger,abellhanger6n@nbcnews.com,JMm495,(231) 3649674,20,1220,https://robohash.org/564
316,Kristan,Adriano,kadriano8q@ocn.ne.jp,Yige7NdN79T,(175) 4841280,20,1220,https://robohash.org/943
341,Annissa,Capsey,acapsey9f@yahoo.com,xCNumT,(408) 6678218,20,1220,https://robohash.org/137
650,Remington,Playden,rplaydeni0@businesswire.com,Q8OyZMApV,(661) 7550829,20,1220,https://robohash.org/941
776,Marna,Kenningley,mkenningleyli@a8.net,uu4P93,(616) 2297161,20,1220,https://robohash.org/459
816,Nerita,Biskup,nbiskupmm@hao123.com,aJ1yZcWUy4QI,(320) 9461340,20,1220,https://robohash.org/895
612,Lou,Surmeyers,lsurmeyersgy@hostgator.com,8TIAUp,(511) 9506517,245,1231,https://robohash.org/92
258,Parrnell,Espin,pespin74@narod.ru,0I5mIta,(177) 9230041,42,1252,https://robohash.org/197
665,Davin,Vercruysse,dvercruysseif@cdbaby.com,bZJMTqt,(955) 2668306,42,1252,https://robohash.org/548
737,Berkley,Napolione,bnapolionekf@japanpost.jp,9v7aWz6is,(427) 9008985,42,1252,https://robohash.org/150
956,Ab,Arnull,aarnullqi@godaddy.com,Emk2ec3kC,(791) 8673152,42,1252,https://robohash.org/390
38,Margaretta,Marshallsay,mmarshallsay10@artisteer.com,Q5dyEtsmAx4O,(303) 7465883,174,1269,https://robohash.org/36
149,Sallyann,Mangion,smangion43@booking.com,NoNiIINqs,(636) 5436937,174,1269,https://robohash.org/261
334,Fern,O Mullen,fomullen98@google.com.br,a5oJe8zx,(188) 1115441,174,1269,https://robohash.org/214
390,Agna,Brookshaw,abrookshawas@dailymotion.com,S9mxOKGSSOj,(549) 5709549,174,1269,https://robohash.org/435
644,Ross,Carnie,rcarniehu@g.co,2UfQGcDYp3,(330) 1774731,174,1269,https://robohash.org/703
681,Zackariah,Kezor,zkezoriv@tumblr.com,n48pfK,(417) 9058106,174,1269,https://robohash.org/973
892,Brig,Tabb,btabboq@simplemachines.org,8Ry1TQZSY,(440) 2369328,174,1269,https://robohash.org/775
646,Rafa,Essame,ressamehw@cnn.com,Gh9KEHRARP,(846) 9931444,106,1366,https://robohash.org/698
696,Ingaborg,De Bruijn,idebruijnja@ning.com,Ylxe2PytixQ,(217) 1766682,106,1366,https://robohash.org/74
120,Huntlee,Witts,hwitts3a@flavors.me,QtM4TpQPw,(418) 9964711,22,1372,https://robohash.org/672
521,Reggie,Cater,rcateref@arstechnica.com,1hGyzMe3FlT,(983) 9035157,22,1372,https://robohash.org/460
647,Kaleb,Le Barre,klebarrehx@ed.gov,HM5eSvRCw4xs,(134) 3473341,22,1372,https://robohash.org/484
26,Mildred,Childs,mchildso@apple.com,22KnVJ0S,(491) 4661342,170,1385,https://robohash.org/930
321,Aurore,Azema,aazema8v@mac.com,TZBGUwf,(988) 9765987,170,1385,https://robohash.org/522
456,Oona,O'Scandall,ooscandallcm@theatlantic.com,KMHHkvqXp,(194) 5806498,170,1385,https://robohash.org/65
545,Erhard,Totterdill,etotterdillf3@china.com.cn,0LWEcQAd7,(299) 5618787,170,1385,https://robohash.org/894
625,Malcolm,MacKeever,mmackeeverhb@joomla.org,ZF5rmWpX9ZeL,(613) 7300941,170,1385,https://robohash.org/138
775,Barry,Sooley,bsooleylh@storify.com,ht6InXbbLmZ,(865) 6864881,170,1385,https://robohash.org/593
67,Kirsti,Symms,ksymms1t@drupal.org,22goOD0KPLfA,(175) 8217214,233,1398,https://robohash.org/33
220,Antin,Ziemsen,aziemsen62@bloomberg.com,NWZdg3BpwOTt,(329) 4890570,233,1398,https://robohash.org/903
620,Dud,Thumim,dthumimh6@mysql.com,bDFE5TxKR,(655) 9980377,233,1398,https://robohash.org/294
927,Celestyn,Harkess,charkesspp@surveymonkey.com,DbPwBkX6Y1Q,(239) 6011364,233,1398,https://robohash.org/432
948,Anselm,Quodling,aquodlingqa@typepad.com,Qc9aulTT,(186) 8437277,233,1398,https://robohash.org/537
322,Kipp,Quelch,kquelch8w@paginegialle.it,9VoXKnZefqKY,(913) 7995804,218,1463,https://robohash.org/371
551,Nicolai,Keirl,nkeirlf9@wunderground.com,IeGo3hYII,(698) 1663655,218,1463,https://robohash.org/253
852,Sandro,Hecks,shecksnm@who.int,nonjf1p6d,(520) 8511098,218,1463,https://robohash.org/886
912,Corbie,Crackel,ccrackelpa@photobucket.com,7P7Cviw1gDpg,(403) 9251177,218,1463,https://robohash.org/733
978,Pet,Phillcock,pphillcockr4@timesonline.co.uk,xPFpYhnAN,(222) 6781111,218,1463,https://robohash.org/25
204,Karlik,Vanacci,kvanacci5m@php.net,LaeRNBMqRCK,(761) 8327074,74,1493,https://robohash.org/956
422,Isac,Klimpt,iklimptbo@skyrock.com,Jl3tUr5,(629) 2422972,74,1493,https://robohash.org/772
925,Dorelia,Pountney,dpountneypn@chronoengine.com,kFv5WndfJZI,(411) 8633490,74,1493,https://robohash.org/946
7,Belva,Bolesma,bbolesma5@chicagotribune.com,FWjKkahp0Aa,(615) 5094544,127,1513,https://robohash.org/196
184,Ulysses,Bambridge,ubambridge52@4shared.com,etDf0b0TVGe,(517) 7833191,127,1513,https://robohash.org/859
371,Natala,Galiero,ngalieroa9@photobucket.com,ivs0Nmj2qMD,(408) 8961091,127,1513,https://robohash.org/841
809,Davine,Zuann,dzuannmf@jalbum.net,B5hpYzRk,(525) 9436434,127,1513,https://robohash.org/191
477,Northrup,Killeley,nkilleleyd7@ocn.ne.jp,syIWC0yl5IZ,(801) 6304222,59,1528,https://robohash.org/758
491,Leona,Pardy,lpardydl@bravesites.com,mtbyjI,(988) 1855450,59,1528,https://robohash.org/502
987,Seka,Lafferty,slaffertyrd@ebay.co.uk,QDUIeNy,(819) 4070169,59,1528,https://robohash.org/7
20,Ferne,Clemencet,fclemenceti@ow.ly,Eq7RD09VYCv,(926) 1707437,213,1533,https://robohash.org/10
105,Ivory,Marchington,imarchington2v@unesco.org,xJ6AO4DbJtso,(751) 9371174,213,1533,https://robohash.org/257
207,Hattie,Hartly,hhartly5p@t-online.de,JDeb7tZAS,(376) 4327775,213,1533,https://robohash.org/44
336,Lizzie,Hogbin,lhogbin9a@arizona.edu,til6KX3,(533) 6117686,213,1533,https://robohash.org/941
519,Salaidh,Saintpierre,ssaintpierreed@arizona.edu,oHKUdFvw6i,(995) 9086211,213,1533,https://robohash.org/318
564,Lori,Keyson,lkeysonfm@aol.com,pFvnMqsyt1M,(976) 9330151,213,1533,https://robohash.org/372
855,Eloisa,Putnam,eputnamnp@toplist.cz,CkVU1jQPYq,(972) 9740035,126,1553,https://robohash.org/180
877,Teddy,Jamson,tjamsonob@businessweek.com,tjLMAIir,(578) 8094599,126,1553,https://robohash.org/78
84,Osmund,Nix,onix2a@hao123.com,gdPUcG,(759) 6145894,176,1622,https://robohash.org/350
211,Jacques,Mottinelli,jmottinelli5t@posterous.com,tYXCCB2z,(458) 1836201,176,1622,https://robohash.org/245
446,Nadya,Landall,nlandallcc@istockphoto.com,lsvOLQy6O,(786) 8611063,176,1622,https://robohash.org/635
571,Frankie,Petrovsky,fpetrovskyft@purevolume.com,GiDSnol3eV8A,(412) 6709460,176,1622,https://robohash.org/586
590,Peg,Varden,pvardengc@live.com,qnF69oPV,(663) 9585983,176,1622,https://robohash.org/294
782,Ceciley,Garriock,cgarriocklo@ihg.com,V0oHUB0cbFfe,(430) 2533428,176,1622,https://robohash.org/54
784,Giacobo,Poltun,gpoltunlq@comcast.net,DaQot2CSLe22,(305) 8556726,176,1622,https://robohash.org/615
161,Balduin,Bloore,bbloore4f@com.com,hnNUn9RMTBy,(115) 4398369,214,1639,https://robohash.org/841
473,Marge,Eliesco,meliescod3@wsj.com,1nEpCIGp9I,(369) 6312670,214,1639,https://robohash.org/688
76,Aguie,Kalkofer,akalkofer22@list-manage.com,GBHz7kdctKo,(331) 7844460,107,1664,https://robohash.org/453
93,Madella,MacArthur,mmacarthur2j@imdb.com,FVxyc3,(508) 7388696,107,1664,https://robohash.org/382
170,Aloin,Knighton,aknighton4o@washington.edu,UU1PUYYpg,(249) 1523221,107,1664,https://robohash.org/610
686,Jennette,Darleston,jdarlestonj0@admin.ch,eDltSRNyDECP,(674) 9241244,107,1664,https://robohash.org/631
768,Floris,Eliaz,feliazla@sbwire.com,XeHXUbGKUns,(103) 8182027,107,1664,https://robohash.org/853
788,Bernelle,Husbands,bhusbandslu@chronoengine.com,wUH5fJvLd4,(778) 6243244,107,1664,https://robohash.org/21
954,Joane,Ryley,jryleyqg@skyrock.com,qiMjRcD,(276) 5901396,107,1664,https://robohash.org/462
113,Iggy,Ipplett,iipplett33@dot.gov,LCnTLl4VV6y,(108) 3462337,102,1792,https://robohash.org/428
472,Jillane,Pickthall,jpickthalld2@sbwire.com,EjzjU8YqEyc,(923) 7014572,102,1792,https://robohash.org/143
638,Fax,Patters,fpattersho@mapy.cz,mBE3DfcBzQ5,(185) 8170800,102,1792,https://robohash.org/768
412,Carmen,Whyteman,cwhytemanbe@webeden.co.uk,6mJCSkst,(424) 3088330,114,1830,https://robohash.org/7
451,Nana,Jonke,njonkech@ycombinator.com,6J908GWz419o,(684) 3652757,114,1830,https://robohash.org/235
766,Aluin,Tapscott,atapscottl8@blogtalkradio.com,qdRlD2y3oN2Q,(541) 8683851,114,1830,https://robohash.org/389
842,Zarah,Prestige,zprestigenc@t.co,gI6AafraLj,(191) 1193462,114,1830,https://robohash.org/587
51,Nevil,Bartoszinski,nbartoszinski1d@mozilla.org,CENincfzfLs,(554) 3969049,182,1833,https://robohash.org/206
392,Licha,Jesty,ljestyau@moonfruit.com,reHfP9,(840) 3729863,182,1833,https://robohash.org/201
460,Henka,Sanson,hsansoncq@qq.com,LeOoSTOpw2y,(545) 9856893,182,1833,https://robohash.org/823
512,Antonio,Arnaudot,aarnaudote6@accuweather.com,syBjKeHvqoUi,(579) 3505305,182,1833,https://robohash.org/514
787,Brooks,Roddy,broddylt@reuters.com,D6U1Zx,(399) 6851208,182,1833,https://robohash.org/23
159,Adolphus,Breinl,abreinl4d@topsy.com,AboeC0Z0Cr,(999) 4646999,73,1916,https://robohash.org/834
318,Fenelia,Mayne,fmayne8s@bandcamp.com,N47YzzWD9iy,(343) 8537597,73,1916,https://robohash.org/265
324,Isabelita,Sweeting,isweeting8y@etsy.com,Yj9mRpk4,(362) 9693721,73,1916,https://robohash.org/923
433,Conway,Dalziell,cdalziellbz@lulu.com,EGpGvM5jx6,(619) 4194661,73,1916,https://robohash.org/381
439,Hortense,Manderson,hmandersonc5@google.com.br,7Kce1pxez7,(790) 6355444,73,1916,https://robohash.org/318
514,Amitie,Cordero,acorderoe8@xing.com,LoQEjwhi,(735) 1521114,73,1916,https://robohash.org/569
889,Gilberto,Showen,gshowenon@mozilla.com,fcbyuW,(138) 8926671,73,1916,https://robohash.org/623
959,Bellanca,Wisby,bwisbyql@woothemes.com,eaazhGmf3CtF,(497) 8068215,73,1916,https://robohash.org/280
283,Brit,Pauly,bpauly7t@kickstarter.com,sxIQnVyggfs,(307) 7739296,132,1935,https://robohash.org/784
306,Dun,Gallaher,dgallaher8g@youtu.be,uHLGSNGK6Am,(839) 7524301,247,1951,https://robohash.org/19
523,Theobald,Jesty,tjestyeh@instagram.com,uxteT7R,(129) 5066318,146,1961,https://robohash.org/724
668,Juliane,Dax,jdaxii@simplemachines.org,5zXqlk2,(808) 7854073,146,1961,https://robohash.org/411
739,Vassily,Lamburne,vlamburnekh@rambler.ru,45f2twi,(402) 3600378,146,1961,https://robohash.org/781
173,Dione,Anetts,danetts4r@marriott.com,T3lK4tk5,(922) 9917347,246,1982,https://robohash.org/168
206,Robert,Freen,rfreen5o@si.edu,MPGy6GiguzN,(603) 9702409,246,1982,https://robohash.org/769
234,Cordell,Grimshaw,cgrimshaw6g@weebly.com,fGJQInjWDH,(507) 3854188,246,1982,https://robohash.org/315
280,Odo,Clashe,oclashe7q@amazon.de,tgnHc31YKi2,(503) 3443468,246,1982,https://robohash.org/559
328,Tremaine,Prose,tprose92@tripadvisor.com,2tKhjB7w0e,(629) 6127377,246,1982,https://robohash.org/52
475,Berta,Coleborn,bcolebornd5@forbes.com,AD02dk6Z1,(208) 3578330,246,1982,https://robohash.org/333
780,Nicolas,Ranald,nranaldlm@ibm.com,mmtDv5VSkKF,(983) 4007683,246,1982,https://robohash.org/302
709,Marketa,Gasnoll,mgasnolljn@g.co,H2vXFH3h,(356) 9876473,18,1992,https://robohash.org/20
821,Aubrey,McRory,amcrorymr@umn.edu,DeRkffx,(157) 5959356,18,1992,https://robohash.org/456
835,Dur,MacConnechie,dmacconnechien5@ycombinator.com,xDE0IBCLUQ,(880) 7687495,18,1992,https://robohash.org/663
996,Stillmann,Llewhellin,sllewhellinrm@gizmodo.com,oG3CFo,(499) 8616812,18,1992,https://robohash.org/104
300,Aluino,Itskovitz,aitskovitz8a@dell.com,ndcMot,(854) 4239562,31,1997,https://robohash.org/400
364,Doralia,Chaundy,dchaundya2@shutterfly.com,VGgJ7b1TscK,(561) 5709098,31,1997,https://robohash.org/330
504,Lizbeth,O'Shiels,loshielsdy@behance.net,sXA7kVCM4No,(383) 1681323,31,1997,https://robohash.org/501
945,Toma,Menhenitt,tmenhenittq7@wiley.com,iQdDgr0h7hWI,(302) 8610656,31,1997,https://robohash.org/536
431,Aggi,Cordelet,acordeletbx@army.mil,NK4hSRWftMUp,(601) 2993274,12,2023,https://robohash.org/117
507,Dorene,Ambroix,dambroixe1@wix.com,2XukYR9jmgK,(911) 4382756,12,2023,https://robohash.org/349
639,Dode,Cubbit,dcubbithp@mayoclinic.com,QJFivgr2ZIP,(800) 1233216,12,2023,https://robohash.org/251
663,Sibby,Mateiko,smateikoid@delicious.com,eBh1n2,(734) 9508304,12,2023,https://robohash.org/596
708,Danice,Clawsley,dclawsleyjm@wunderground.com,RSQMwRv,(369) 4266158,12,2023,https://robohash.org/316
786,Andra,Claxson,aclaxsonls@msn.com,4hkYrnjEqGPw,(770) 3363638,12,2023,https://robohash.org/196
981,Kingsley,Kellaway,kkellawayr7@paypal.com,z29cvJAl,(778) 7514183,12,2023,https://robohash.org/696
16,Marys,Tunsley,mtunsleye@google.ca,pWlnXP5XPGvp,(600) 2814085,239,2034,https://robohash.org/715
689,Dex,Mugg,dmuggj3@ameblo.jp,1IfrN6P,(615) 3070487,239,2034,https://robohash.org/665
99,Barron,Normanton,bnormanton2p@comsenz.com,CO90A711bj2a,(942) 4886636,15,2057,https://robohash.org/504
943,Vere,Yearnes,vyearnesq5@wired.com,lFMjVsiuxxWW,(543) 3067674,15,2057,https://robohash.org/26
975,Sterling,Bolden,sboldenr1@biblegateway.com,WOGw2VaCp,(796) 3582464,154,2066,https://robohash.org/596
614,Dominica,McSpirron,dmcspirronh0@devhub.com,P54UaPZUnds0,(745) 8837805,206,2085,https://robohash.org/621
92,Shelton,Kleinerman,skleinerman2i@newyorker.com,6WUnUqXUe3PB,(924) 2314238,85,2095,https://robohash.org/617
384,Myer,Jepp,mjeppam@fc2.com,6fi9V11N,(443) 8741949,85,2095,https://robohash.org/717
459,Sibyl,Antognelli,santognellicp@joomla.org,fvZy9EnUN4rk,(427) 5473868,85,2095,https://robohash.org/14
998,Allissa,Byres,abyresro@infoseek.co.jp,oZUWE7DL,(328) 5473065,85,2095,https://robohash.org/682
15,Maximo,Arndt,marndtd@mediafire.com,pIOBBTomSzt,(520) 1233466,151,2133,https://robohash.org/484
178,Rosalynd,Mitie,rmitie4w@nyu.edu,i9ah9KmY3,(357) 8068385,151,2133,https://robohash.org/916
357,Marin,Blundel,mblundel9v@ucoz.com,mTINVT,(156) 1902619,151,2133,https://robohash.org/42
12,Cassandra,Treasaden,ctreasadena@imdb.com,FjTeOwhdAsoK,(197) 8182538,225,2148,https://robohash.org/959
270,Jonathon,Kyttor,jkyttor7g@mashable.com,al5mLuI,(336) 5586938,225,2148,https://robohash.org/223
651,Rina,Moncreif,rmoncreifi1@npr.org,KC82REKIgDQ,(150) 7231538,225,2148,https://robohash.org/558
897,Lin,Alaway,lalawayov@feedburner.com,8NIcP8wUsq,(183) 1868541,225,2148,https://robohash.org/941
970,Frasier,Lucius,fluciusqw@friendfeed.com,3VBQVKC,(595) 2823944,225,2148,https://robohash.org/612
31,Pauly,Abbett,pabbettt@google.es,Eu0a1wsV,(864) 4533873,177,2228,https://robohash.org/431
362,Mickey,Bestiman,mbestimana0@xing.com,XyExFnR,(536) 4259241,177,2228,https://robohash.org/434
565,Myrlene,Selland,msellandfn@xrea.com,osDVa1uM,(899) 5787315,177,2228,https://robohash.org/168
795,Yance,Keilloh,ykeillohm1@businesswire.com,9HoggxgwN,(726) 1087854,177,2228,https://robohash.org/760
876,Taryn,Clevely,tclevelyoa@goo.gl,gukaQC,(517) 3349958,177,2228,https://robohash.org/501
485,Bernetta,Karpenya,bkarpenyadf@phpbb.com,NmMufTHQ,(771) 5088817,45,2247,https://robohash.org/761
662,Cord,Weal,cwealic@qq.com,cccRnIABzHF6,(950) 5501360,45,2247,https://robohash.org/421
805,Dian,Lyfield,dlyfieldmb@wired.com,AMrKTiurCtZj,(966) 7462076,45,2247,https://robohash.org/217
22,Uta,Kirstein,ukirsteink@tiny.cc,WHQuSk,(571) 7295730,121,2281,https://robohash.org/163
186,Andonis,Murrie,amurrie54@tripadvisor.com,znq2Dt,(300) 2227200,121,2281,https://robohash.org/589
556,Gage,Lardeur,glardeurfe@nbcnews.com,pkCdzUk,(653) 2528559,121,2281,https://robohash.org/172
643,Oby,Muffen,omuffenht@disqus.com,fDwVT2EBL,(273) 2919632,121,2281,https://robohash.org/882
726,Thea,Shears,tshearsk4@chron.com,yz2k2Hm7,(328) 5958830,121,2281,https://robohash.org/784
176,Ida,Eustanch,ieustanch4u@bbc.co.uk,prW1jsmf,(823) 5182913,232,2289,https://robohash.org/491
934,Lamar,Baynom,lbaynompw@meetup.com,O56UZRc6,(228) 7880546,232,2289,https://robohash.org/8
944,Ara,Casemore,acasemoreq6@friendfeed.com,d9sXYq,(647) 7754073,232,2289,https://robohash.org/687
569,Waite,Lamers,wlamersfr@desdev.cn,4fLvorX706q2,(289) 9939805,236,2536,https://robohash.org/957
636,Giacobo,Brittin,gbrittinhm@purevolume.com,AvEDzRjakhP,(579) 3009220,236,2536,https://robohash.org/815
833,Kelvin,Rosenboim,krosenboimn3@msu.edu,2DaNF7,(131) 6680785,236,2536,https://robohash.org/733
153,Adair,Testin,atestin47@psu.edu,BXX9wV,(224) 4670472,224,2550,https://robohash.org/589
374,Waiter,Heritege,wheritegeac@uiuc.edu,QE6qlIWn,(772) 4632768,224,2550,https://robohash.org/254
506,Marys,Coldtart,mcoldtarte0@amazon.co.uk,CaN1uXCt,(949) 6877006,224,2550,https://robohash.org/401
761,Danyelle,Kinnett,dkinnettl3@huffingtonpost.com,4Wepid,(478) 4760582,224,2550,https://robohash.org/92
893,Felisha,McFeat,fmcfeator@cmu.edu,s5H8Tk,(648) 2373019,224,2550,https://robohash.org/542
436,Eve,Morgans,emorgansc2@icq.com,arh4F45w,(282) 5881501,137,2573,https://robohash.org/108
496,Lynnette,Flisher,lflisherdq@biblegateway.com,nLZSbNAF4SJW,(280) 6461499,220,2575,https://robohash.org/151
505,Chloris,Starmer,cstarmerdz@dagondesign.com,2Al5jwpbs4,(806) 8389199,220,2575,https://robohash.org/721
635,Dave,Jaumet,djaumethl@weather.com,nSoQdYGPu,(922) 4159330,220,2575,https://robohash.org/837
692,Bonita,Hoppner,bhoppnerj6@wix.com,6S7gwB8Hl,(187) 9721783,220,2575,https://robohash.org/297
748,Bil,Nisbith,bnisbithkq@va.gov,r4KJ4KwZwIKH,(835) 6085772,220,2575,https://robohash.org/976
765,Cirstoforo,Bailiss,cbailissl7@mapy.cz,b4ueBL,(701) 1065076,220,2575,https://robohash.org/786
991,Jessie,Houchen,jhouchenrh@prlog.org,T9J3TK2,(634) 8762190,220,2575,https://robohash.org/940
200,Jeff,Yurenev,jyurenev5i@economist.com,LS9AXstF,(996) 8345989,143,2580,https://robohash.org/236
244,Anni,Hayer,ahayer6q@ox.ac.uk,sa7FSPmlz,(988) 1622241,143,2580,https://robohash.org/550
480,Norbert,Pigot,npigotda@ed.gov,Cfhw2C0i83,(822) 9827823,143,2580,https://robohash.org/387
575,Bruis,Barkway,bbarkwayfx@nsw.gov.au,QAEuyU,(895) 8523037,143,2580,https://robohash.org/890
938,Lindy,Sanbroke,lsanbrokeq0@virginia.edu,cacU9C1,(812) 2874077,143,2580,https://robohash.org/378
9,Anallise,Rain,arain7@vk.com,1XDC7GBlou,(993) 2559633,133,2584,https://robohash.org/450
61,Izzy,Shoreman,ishoreman1n@hubpages.com,Lxhcq6X,(479) 7326596,133,2584,https://robohash.org/48
261,Brigid,Clace,bclace77@slashdot.org,ISIgIUTjEGqa,(347) 7735465,133,2584,https://robohash.org/919
642,Revkah,Dri,rdrihs@tripod.com,nvTPDsF,(181) 5064522,133,2584,https://robohash.org/416
194,Briana,Mutton,bmutton5c@livejournal.com,dfSblfyTE,(756) 4976993,156,2610,https://robohash.org/682
303,Noel,Lambert,nlambert8d@technorati.com,Bay3uiM6Om8,(695) 6734798,156,2610,https://robohash.org/350
443,Donni,Lahiff,dlahiffc9@phoca.cz,VqMI4jGjpl,(834) 2423580,156,2610,https://robohash.org/885
467,Damien,Edney,dedneycx@comsenz.com,YfTxxVep,(643) 2891175,156,2610,https://robohash.org/124
469,Tremain,Metzel,tmetzelcz@cocolog-nifty.com,pCekGE,(938) 3333893,156,2610,https://robohash.org/739
677,Livia,Grundy,lgrundyir@nyu.edu,Gepom7QBWfW,(179) 1673461,156,2610,https://robohash.org/679
695,Leighton,covino,lcovinoj9@cocolog-nifty.com,Xnyo109Iz,(893) 4384675,156,2610,https://robohash.org/224
730,Gisella,Casewell,gcasewellk8@nih.gov,vqpjh85KOnic,(961) 5291699,156,2610,https://robohash.org/212
850,Pauli,Pasfield,ppasfieldnk@slate.com,QprrHNbAirQT,(363) 9571303,156,2610,https://robohash.org/972
932,Edythe,Sherington,esheringtonpu@ovh.net,4wamMapgtzq,(327) 7274661,156,2610,https://robohash.org/106
83,Wilt,Filippone,wfilippone29@cnbc.com,FVuckJomDj,(431) 6082037,54,2625,https://robohash.org/630
819,Rodi,Bercevelo,rbercevelomp@ezinearticles.com,aSJXNn,(454) 8683887,54,2625,https://robohash.org/290
693,Candy,Stitch,cstitchj7@springer.com,HnPiWaKwf,(875) 8665183,38,2656,https://robohash.org/138
896,Dilly,Riddiford,driddifordou@wordpress.org,sGpGH5W,(796) 1522936,38,2656,https://robohash.org/458
355,Rusty,Humberstone,rhumberstone9t@bizjournals.com,l2fbix,(576) 2646308,80,2666,https://robohash.org/57
428,Benson,Bennedick,bbennedickbu@techcrunch.com,xsJgQJX,(380) 9587407,80,2666,https://robohash.org/355
670,Conrado,de Keep,cdekeepik@tumblr.com,K9OhY6B6,(310) 8489704,80,2666,https://robohash.org/853
471,Michal,Agnew,magnewd1@pcworld.com,7r0VZ0gKgXV,(513) 2824521,92,2672,https://robohash.org/991
546,Ambrosio,Fenna,afennaf4@dell.com,GjRalqBKd,(503) 5514943,92,2672,https://robohash.org/208
547,Rorke,Pearson,rpearsonf5@cdc.gov,tzCikpB,(169) 9142814,92,2672,https://robohash.org/186
926,Ciro,Hurtic,churticpo@arstechnica.com,s7eXEOilG,(758) 3469586,92,2672,https://robohash.org/491
29,Lynett,Morrel,lmorrelr@mapy.cz,Nzq2h7qFg,(526) 6263471,93,2712,https://robohash.org/610
191,Caryl,Braywood,cbraywood59@hibu.com,2Kiw0HWff3ef,(852) 4166929,93,2712,https://robohash.org/543
402,Claire,O'Lochan,colochanb4@1und1.de,7oQz0wb,(379) 8017271,93,2712,https://robohash.org/46
411,Roz,Hazard,rhazardbd@sphinn.com,MN2kmJkpBB,(503) 1431545,93,2712,https://robohash.org/710
30,Llewellyn,Heinzel,lheinzels@yahoo.co.jp,UzX3xq,(530) 5047984,79,2723,https://robohash.org/391
294,Veradis,Masi,vmasi84@geocities.com,MqjnRQQbzK,(704) 6178998,79,2723,https://robohash.org/775
425,Rick,Eccleshare,recclesharebr@w3.org,XafVO8G,(834) 1591306,79,2723,https://robohash.org/446
509,Josey,Unwins,junwinse3@scribd.com,iuenQQNowcJx,(470) 6282778,79,2723,https://robohash.org/1
637,Sheelagh,Beltzner,sbeltznerhn@opera.com,LkNTXJaKln3T,(756) 9111229,79,2723,https://robohash.org/352
779,Creighton,Houlworth,choulworthll@ustream.tv,w4MSncUdCeJ,(398) 2487372,79,2723,https://robohash.org/513
53,Kev,Radley,kradley1f@squarespace.com,4vjVRhr3gX,(924) 3488290,51,2732,https://robohash.org/849
312,Jory,Dagg,jdagg8m@msu.edu,ukyOpSyEb,(497) 4415243,51,2732,https://robohash.org/510
483,Edsel,Manville,emanvilledd@goo.gl,xyMj18C8FvzB,(139) 3483421,51,2732,https://robohash.org/999
581,Matti,Doeg,mdoegg3@illinois.edu,Dl1KlnmpGXel,(423) 7638568,51,2732,https://robohash.org/445
14,Geri,Figure,gfigurec@merriam-webster.com,PUDZMF7Wee3,(171) 7901299,94,2760,https://robohash.org/537
250,Rustie,Polland,rpolland6w@ibm.com,zhqYbbKuEo6f,(897) 8636819,94,2760,https://robohash.org/74
388,Cara,Goodinge,cgoodingeaq@nytimes.com,ha4L9xt6YQ,(891) 7777943,94,2760,https://robohash.org/2
529,Mirilla,Wessing,mwessingen@digg.com,T8eqOkfuld,(849) 9739049,94,2760,https://robohash.org/238
890,Lacie,Tiebe,ltiebeoo@ftc.gov,zU0NzJCdlB,(119) 9894507,94,2760,https://robohash.org/620
103,Tallie,Whelband,twhelband2t@opera.com,qmtJFKTJmX29,(520) 7693781,172,2770,https://robohash.org/219
114,Mylo,Botwood,mbotwood34@dell.com,3NJW4rdq,(285) 3877322,172,2770,https://robohash.org/32
616,Earlie,Fratson,efratsonh2@bloomberg.com,ukgjjnV9NZN7,(307) 2234096,172,2770,https://robohash.org/966
630,Susan,Donnelly,sdonnellyhg@xinhuanet.com,Z0ynh96s,(552) 2075450,172,2770,https://robohash.org/702
198,Derrek,Gillions,dgillions5g@blogtalkradio.com,tcTxWdZTqXd,(900) 6560944,208,2787,https://robohash.org/798
538,Binny,Antwis,bantwisew@mtv.com,bAxkiREeI,(713) 6319672,208,2787,https://robohash.org/883
572,Richmound,Sinyard,rsinyardfu@patch.com,JOasgcSi5,(447) 8575205,208,2787,https://robohash.org/748
631,Leeann,Buche,lbuchehh@plala.or.jp,s1XtHG7Cyz,(254) 7671549,208,2787,https://robohash.org/263
641,Cris,Benbrick,cbenbrickhr@t.co,UO8L3pfw,(766) 7188700,208,2787,https://robohash.org/451
694,Deborah,Trillo,dtrilloj8@cyberchimps.com,2SRgkzm8,(395) 6218266,208,2787,https://robohash.org/753
858,Yule,Cottu,ycottuns@sakura.ne.jp,6NyNkJS,(843) 9225057,208,2787,https://robohash.org/736
951,Chick,Stoacley,cstoacleyqd@nhs.uk,fiUZtgxPj,(669) 2578775,208,2787,https://robohash.org/682
286,Perkin,Domesday,pdomesday7w@amazon.co.jp,HKVvtBU,(211) 4750542,44,2823,https://robohash.org/541
356,Salli,Lidgett,slidgett9u@accuweather.com,IUoY45P3TH,(134) 5684789,44,2823,https://robohash.org/651
843,Benjie,Titterton,btittertonnd@booking.com,QOFCzxkU,(830) 3329983,44,2823,https://robohash.org/554
920,Theresita,Hill,thillpi@dion.ne.jp,7HdKukcM,(922) 1115038,44,2823,https://robohash.org/803
961,Barrie,Peasegod,bpeasegodqn@chron.com,GFB0WFq,(315) 7457937,44,2823,https://robohash.org/210
40,Vivianna,Lampel,vlampel12@pinterest.com,OFm79bpVoFgO,(965) 5513651,210,2839,https://robohash.org/226
448,Raf,Hartshorn,rhartshornce@deliciousdays.com,c1vnUkieQ,(408) 3572416,210,2839,https://robohash.org/607
498,Netta,Rikkard,nrikkardds@etsy.com,P4SswMkiCr,(266) 1487424,210,2839,https://robohash.org/434
705,Salli,Longmore,slongmorejj@technorati.com,8SsvstYnB,(894) 3569220,210,2839,https://robohash.org/859
13,Margret,Battrick,mbattrickb@sfgate.com,ZxUjVn3XJ,(446) 1257604,194,2849,https://robohash.org/412
400,Todd,Marfield,tmarfieldb2@issuu.com,XhOKxjIPJMN,(710) 4478246,194,2849,https://robohash.org/311
481,Spencer,Creegan,screegandb@tripod.com,vdAQGNjJvR,(113) 8964611,194,2849,https://robohash.org/20
152,Worthington,Curtoys,wcurtoys46@icq.com,leBez1,(652) 4839399,50,2862,https://robohash.org/765
839,Abey,Jelphs,ajelphsn9@utexas.edu,8JIQkiHc,(221) 4529883,50,2862,https://robohash.org/394
147,Janelle,Bulfit,jbulfit41@whitehouse.gov,2E83WA,(803) 2342275,48,2874,https://robohash.org/922
447,Berna,Matisoff,bmatisoffcd@psu.edu,J9sUdrMHZT,(215) 3069222,48,2874,https://robohash.org/301
749,Rubi,Bamlet,rbamletkr@instagram.com,R1DmEA4rY,(131) 9134629,48,2874,https://robohash.org/864
798,Constantia,Winston,cwinstonm4@mayoclinic.com,AA5EH3fsbd3N,(262) 5834391,48,2874,https://robohash.org/865
838,Darbee,Mattosoff,dmattosoffn8@ted.com,9HPZZkToF,(963) 5562864,48,2874,https://robohash.org/957
968,Brand,Sherrett,bsherrettqu@cam.ac.uk,XuximpWqR,(468) 2410330,48,2874,https://robohash.org/73
19,Alecia,Trebilcock,atrebilcockh@about.me,H1cvmW,(211) 4719964,64,2905,https://robohash.org/126
116,Hilario,Trevaskis,htrevaskis36@ifeng.com,sLECCP3,(577) 5061938,64,2905,https://robohash.org/528
151,Barbabra,Lisimore,blisimore45@w3.org,sQRaayV,(588) 5041291,64,2905,https://robohash.org/679
543,Napoleon,Episcopi,nepiscopif1@jalbum.net,oqbKRwW,(338) 3728778,64,2905,https://robohash.org/950
619,Dulcinea,Winch,dwinchh5@soup.io,J50frspRK2Y5,(700) 9690584,64,2905,https://robohash.org/325
840,Saunderson,Spadoni,sspadonina@guardian.co.uk,HBFraASkTa,(618) 5360293,64,2905,https://robohash.org/432
592,Leonore,Cheves,lchevesge@pen.io,U0Bxj27,(497) 2312410,215,2934,https://robohash.org/597
601,Nealson,Pinkett,npinkettgn@slate.com,uXt3hk,(959) 1698292,215,2934,https://robohash.org/693
854,Duffie,Shipp,dshippno@opensource.org,UVZEvEn,(542) 9543545,215,2934,https://robohash.org/76
882,Kristian,Gomme,kgommeog@bluehost.com,0Bs87XPeAh,(964) 9399395,215,2934,https://robohash.org/116
37,Elyn,Reppaport,ereppaportz@so-net.ne.jp,17NSYGIKJ,(842) 5747275,130,2948,https://robohash.org/521
395,Aldwin,Pigden,apigdenax@joomla.org,eEyoKEel8ZVD,(464) 7579661,130,2948,https://robohash.org/122
79,Bobine,Duetschens,bduetschens25@multiply.com,fP1ozV3C,(598) 2361771,21,2954,https://robohash.org/134
225,Seumas,Kretschmer,skretschmer67@usa.gov,8OWMlTq3no0,(161) 6892036,21,2954,https://robohash.org/234
305,Janette,Cisland,jcisland8f@paypal.com,G4a6Im,(579) 7964000,21,2954,https://robohash.org/408
418,Winfield,Eleshenar,weleshenarbk@amazonaws.com,Pstb8b7Phjdw,(870) 3884044,21,2954,https://robohash.org/492
465,Culley,Broadhurst,cbroadhurstcv@ezinearticles.com,VJUU4gsIV,(600) 8343885,21,2954,https://robohash.org/943
555,Adda,Hrinishin,ahrinishinfd@t.co,fmgx8IREK244,(903) 6779022,21,2954,https://robohash.org/604
573,Eve,Pamplin,epamplinfv@networkadvertising.org,mf41LRxRjTM,(387) 7463797,21,2954,https://robohash.org/744
265,Collin,Verillo,cverillo7b@gravatar.com,eWmCCXoVW1u,(204) 8473836,124,2961,https://robohash.org/133
494,Barri,Everly,beverlydo@dropbox.com,mVG3AOAid7,(492) 1279110,124,2961,https://robohash.org/739
548,Al,Mogg,amoggf6@clickbank.net,EpZiy05CF9O,(973) 3210756,124,2961,https://robohash.org/929
578,Kessiah,Ollenbuttel,kollenbuttelg0@loc.gov,xJL0ThsO,(313) 8891097,124,2961,https://robohash.org/158
190,Rab,Raubheim,rraubheim58@4shared.com,JvTqSbY,(801) 4991933,40,2982,https://robohash.org/716
289,Aida,Ionnidis,aionnidis7z@delicious.com,KxXG6p,(549) 2442243,40,2982,https://robohash.org/571
310,Jaymee,Brockbank,jbrockbank8k@mapquest.com,i5lcG0Mh2,(894) 3449430,40,2982,https://robohash.org/3
332,Stanford,Moule,smoule96@wikimedia.org,HUh4PW4kg,(574) 7235812,40,2982,https://robohash.org/220
338,Thornton,Colleran,tcolleran9c@europa.eu,p0pSnQo,(402) 4678088,40,2982,https://robohash.org/462
511,Jolie,Snawdon,jsnawdone5@biblegateway.com,Po0YZdT,(614) 4356342,40,2982,https://robohash.org/606
319,Daile,Joseph,djoseph8t@quantcast.com,IIbfucj3jzgO,(928) 6480890,82,3005,https://robohash.org/84
370,Rob,Girardengo,rgirardengoa8@etsy.com,2QUJKhb8pKy,(574) 1143615,82,3005,https://robohash.org/509
718,Jennee,Skirrow,jskirrowjw@sun.com,KuKla9TkuFnk,(697) 5337281,82,3005,https://robohash.org/845
733,Giffer,Vance,gvancekb@nifty.com,djjy3t7i,(966) 1103927,82,3005,https://robohash.org/176
783,Juieta,Condy,jcondylp@angelfire.com,euLXPs,(269) 6683303,82,3005,https://robohash.org/155
826,Erna,Rief,eriefmw@booking.com,ivQPBP,(228) 1292098,122,3022,https://robohash.org/55
131,Hector,Node,hnode3l@tripadvisor.com,jynV3KNx,(644) 2752782,123,3032,https://robohash.org/514
197,Niven,Cosgry,ncosgry5f@ehow.com,i3BGrhm,(517) 7423384,123,3032,https://robohash.org/75
240,Olenka,Georgelin,ogeorgelin6m@mayoclinic.com,mXUojFD,(901) 3369219,123,3032,https://robohash.org/423
593,Lissie,Kiehnlt,lkiehnltgf@ameblo.jp,cWKHRFIVA6E,(853) 6435271,123,3032,https://robohash.org/266
735,Chane,Giacovetti,cgiacovettikd@a8.net,fgh1z7sb,(985) 2067136,123,3032,https://robohash.org/254
747,Genna,O' Mara,gomarakp@mapy.cz,PVd1AKJeoK,(848) 7970947,123,3032,https://robohash.org/591
179,Dotty,Saylor,dsaylor4x@sina.com.cn,rmj9eckogrz,(807) 9259526,166,3047,https://robohash.org/221
192,Alexandr,Dyerson,adyerson5a@feedburner.com,oBjE6xU,(570) 4895879,166,3047,https://robohash.org/746
287,Beauregard,Hylden,bhylden7x@tumblr.com,OhZSJs,(323) 2388473,166,3047,https://robohash.org/942
358,Salomon,Ginnety,sginnety9w@kickstarter.com,MVb9cvD,(691) 6326232,166,3047,https://robohash.org/56
429,Chaddy,Annett,cannettbv@yahoo.com,EhKO9NZ7o,(536) 9424798,166,3047,https://robohash.org/799
750,Felipa,Allawy,fallawyks@e-recht24.de,Of9dB0rYbsI,(529) 4788643,166,3047,https://robohash.org/361
817,Aurlie,Angel,aangelmn@unesco.org,6dVrFSlfl5l,(579) 1563738,166,3047,https://robohash.org/545
368,Pearce,Richardin,prichardina6@alexa.com,WMJ7qnBjJ,(957) 6692119,29,3060,https://robohash.org/567
586,Alix,Tankus,atankusg8@fda.gov,rhZQqAmSlDjc,(101) 4758619,29,3060,https://robohash.org/289
567,Teena,Divis,tdivisfp@vimeo.com,ZclZPJOWTokq,(205) 4097116,24,3070,https://robohash.org/819
96,Norris,Brinded,nbrinded2m@issuu.com,rqRiCXG,(164) 2623944,131,3082,https://robohash.org/527
189,Emanuel,Accombe,eaccombe57@networksolutions.com,Q3PLQnm,(711) 3533287,131,3082,https://robohash.org/105
193,Cthrine,Leavesley,cleavesley5b@gravatar.com,RWulbI46h,(910) 2877471,131,3082,https://robohash.org/948
259,Dulcia,Collie,dcollie75@un.org,GBvdkZ,(367) 5326433,131,3082,https://robohash.org/871
296,Norrie,Iacobucci,niacobucci86@blogger.com,zQUgXzaR,(596) 1806159,131,3082,https://robohash.org/633
314,Kenny,Epperson,kepperson8o@people.com.cn,8gcAlgZZnHaK,(438) 3321498,131,3082,https://robohash.org/23
360,Ronalda,Nore,rnore9y@dell.com,4hlk2Ds,(868) 9891808,131,3082,https://robohash.org/328
604,Riordan,Graundisson,rgraundissongq@fema.gov,4OwzbQK,(316) 4059061,131,3082,https://robohash.org/104
937,Susy,Hessing,shessingpz@360.cn,81nDKjN1nowr,(848) 4954281,131,3082,https://robohash.org/244
94,Abel,Ugoletti,augoletti2k@linkedin.com,ebNPv2Hu,(502) 3193971,35,3112,https://robohash.org/873
257,Linea,Coghlin,lcoghlin73@indiatimes.com,6uzSRa,(229) 4276457,35,3112,https://robohash.org/769
349,Nils,Streight,nstreight9n@bizjournals.com,3TMnVC2LrPt,(941) 2099153,35,3112,https://robohash.org/711
65,Clayborne,Cranidge,ccranidge1r@lycos.com,WMYlm6F1,(232) 4363554,167,3169,https://robohash.org/97
90,Franny,Tattersall,ftattersall2g@census.gov,fAwGjeG,(510) 7602778,179,3177,https://robohash.org/632
199,Giulietta,Foulis,gfoulis5h@joomla.org,TI8TE0,(818) 4903042,179,3177,https://robohash.org/406
745,Lev,McGarrahan,lmcgarrahankn@bloomberg.com,TTx56PvuUY,(169) 9772560,179,3177,https://robohash.org/527
232,Carlita,Hanse,chanse6e@ucoz.com,But7Kt4d,(528) 8317144,36,3185,https://robohash.org/664
727,Corie,Lernihan,clernihank5@amazon.co.jp,h0tKkLkvTMF,(296) 5095633,36,3185,https://robohash.org/211
911,Aeriela,Gannicott,agannicottp9@bizjournals.com,h86nyRgq,(809) 7905655,36,3185,https://robohash.org/808
939,Mirelle,Station,mstationq1@blogger.com,1yRMD8mu4,(481) 7280549,36,3185,https://robohash.org/81
363,Bobbie,Harwood,bharwooda1@geocities.jp,mlzklghnkf,(549) 8453469,235,3203,https://robohash.org/198
450,Arlie,Stockell,astockellcg@fc2.com,yCTkXY3d,(700) 7963348,235,3203,https://robohash.org/893
544,Jameson,Ollis,jollisf2@mtv.com,Uz7vEbPEp,(462) 1394242,235,3203,https://robohash.org/667
611,Morton,Ribbens,mribbensgx@reference.com,FTnk2C,(672) 1033035,235,3203,https://robohash.org/615
767,Ariel,Ruler,arulerl9@oracle.com,8jPNpqEUX,(798) 1477801,235,3203,https://robohash.org/201
74,Jorie,Tretwell,jtretwell20@hhs.gov,igyxRyRxs,(525) 8953871,65,3222,https://robohash.org/690
89,Spencer,Miner,sminer2f@t-online.de,ptTvyg,(887) 9767493,65,3222,https://robohash.org/721
432,Shoshana,Dubose,sduboseby@ucoz.com,eEmWW9r1IcvL,(390) 8029009,65,3222,https://robohash.org/175
80,Kimmy,Bagger,kbagger26@canalblog.com,ldWhEniut,(171) 7758122,140,3248,https://robohash.org/994
848,Evy,Postlewhite,epostlewhiteni@a8.net,y9itRtAS,(987) 7736421,140,3248,https://robohash.org/432
25,Elsi,Spowage,espowagen@netvibes.com,lHecWCARwaK,(472) 1561522,149,3265,https://robohash.org/634
233,Lisle,Ferrettino,lferrettino6f@msn.com,UzMN3eTzf,(954) 9846258,149,3265,https://robohash.org/986
344,Hillyer,Savage,hsavage9i@discuz.net,M4s56A,(816) 7430179,149,3265,https://robohash.org/641
598,Chen,Armsby,carmsbygk@unesco.org,pOSxNmo4q,(740) 5395005,149,3265,https://robohash.org/220
63,Brendan,McKinstry,bmckinstry1p@123-reg.co.uk,xSBnaXkb,(458) 8331338,150,3327,https://robohash.org/821
284,Cyndy,Lawleff,clawleff7u@spotify.com,nC0j4A8,(551) 7134618,150,3327,https://robohash.org/556
354,Austina,Scarse,ascarse9s@4shared.com,ASAlkF3719e,(222) 4558096,150,3327,https://robohash.org/722
386,Tudor,Hardware,thardwareao@devhub.com,s25vOT98,(840) 9079926,150,3327,https://robohash.org/519
806,Joannes,Grindle,jgrindlemc@plala.or.jp,LmNIz33kkfLY,(373) 1612139,150,3327,https://robohash.org/396
929,Irving,Cornejo,icornejopr@opera.com,LNDICf,(620) 5237486,150,3327,https://robohash.org/644
34,Beatriz,Rhymer,brhymerw@taobao.com,zwySALF8Up,(585) 3904083,139,3338,https://robohash.org/752
130,Ardis,Van Leijs,avanleijs3k@google.com.br,JBaHqlp,(901) 2745416,139,3338,https://robohash.org/273
903,Katheryn,Rodenburg,krodenburgp1@so-net.ne.jp,Mh3TIfs4mW,(889) 8020876,139,3338,https://robohash.org/115
962,Elena,Winsome,ewinsomeqo@epa.gov,3wJ1MjI,(517) 9414244,139,3338,https://robohash.org/150
985,Peyton,McKeran,pmckeranrb@wix.com,UMqGAW,(299) 7360345,139,3338,https://robohash.org/629
420,Yoko,Archell,yarchellbm@woothemes.com,VCXB0lH,(435) 4118257,223,3353,https://robohash.org/53
720,Carry,Room,croomjy@quantcast.com,wLMfBmAaF,(588) 3627127,223,3353,https://robohash.org/943
46,Osbourne,Christie,ochristie18@arizona.edu,MBT8cC,(713) 7907921,226,3369,https://robohash.org/534
679,Ferrell,Bruneton,fbrunetonit@nsw.gov.au,ahYhrNJQ,(164) 3637145,226,3369,https://robohash.org/33
42,Iorgos,Lovelace,ilovelace14@usgs.gov,0jsCdJOIaBYL,(231) 4989511,27,3375,https://robohash.org/448
126,Cordell,Naylor,cnaylor3g@nifty.com,Rm87Ejn,(130) 7280962,27,3375,https://robohash.org/514
309,Ann-marie,McKinnon,amckinnon8j@cdc.gov,FhTwasRigTDv,(255) 5265641,27,3375,https://robohash.org/353
330,Cliff,Spellacey,cspellacey94@typepad.com,og1hT1Pc4Biz,(512) 2626585,27,3375,https://robohash.org/837
348,Marion,Sharkey,msharkey9m@wordpress.org,52aJ7kKQdViv,(989) 3778051,27,3375,https://robohash.org/803
915,Mae,Riggeard,mriggeardpd@google.com,xsOGIopHevS,(288) 1956003,27,3375,https://robohash.org/927
977,Ekaterina,Salleir,esalleirr3@thetimes.co.uk,vsnMhL,(594) 6214172,27,3375,https://robohash.org/97
627,Kristoffer,Griffitts,kgriffittshd@tmall.com,fxKTsEg9A,(419) 4025785,188,3384,https://robohash.org/393
885,Shepard,Bogaert,sbogaertoj@nymag.com,dof9lZCC3Q1T,(807) 3098963,188,3384,https://robohash.org/955
974,Randy,Spaule,rspauler0@state.gov,sEksMWehvM5,(826) 7307389,188,3384,https://robohash.org/522
282,Lyell,Allingham,lallingham7s@amazon.com,5Ds45qfhLd,(514) 2480727,231,3390,https://robohash.org/834
313,Dayle,Critcher,dcritcher8n@examiner.com,UDhUQyqrE2,(535) 4498028,231,3390,https://robohash.org/709
382,Hastings,Peagrim,hpeagrimak@domainmarket.com,QBrRXOn,(403) 8968404,231,3390,https://robohash.org/353
495,Hinze,Vala,hvaladp@unicef.org,UZ5izF4uUvC5,(253) 6302814,231,3390,https://robohash.org/298
995,Morgan,Passler,mpasslerrl@example.com,riU48lROPFK,(455) 7382167,231,3390,https://robohash.org/201
419,Camila,Gamet,cgametbl@plala.or.jp,8z4Vypcp,(899) 6783361,217,3397,https://robohash.org/860
421,Lamar,MacKissack,lmackissackbn@google.de,xN2Vib55rh,(112) 2269494,217,3397,https://robohash.org/810
830,Jacquette,Cleminshaw,jcleminshawn0@imdb.com,slKmiz5Z2g6,(516) 9076084,217,3397,https://robohash.org/330
972,Hewett,Dennistoun,hdennistounqy@typepad.com,PzAeBV9238RQ,(374) 2526711,217,3397,https://robohash.org/110
136,Kimberley,Godball,kgodball3q@twitpic.com,kHGCsD3Aqe,(398) 6394176,216,3402,https://robohash.org/284
292,Jacynth,Seargeant,jseargeant82@addtoany.com,J2srpBMRN,(855) 5891606,216,3402,https://robohash.org/569
810,Alwyn,Dunnet,adunnetmg@wikipedia.org,Vmw9IGifPJ,(103) 7960079,216,3402,https://robohash.org/618
993,Floyd,Bardey,fbardeyrj@soundcloud.com,4dQ1Ysd,(982) 9575829,216,3402,https://robohash.org/708
180,Nels,Willgoose,nwillgoose4y@bbc.co.uk,J7EnAjcD,(759) 3991261,68,3424,https://robohash.org/870
591,Nathalie,Asser,nassergd@sourceforge.net,0zdzfw5,(530) 2230130,68,3424,https://robohash.org/690
796,Terrijo,Scrivens,tscrivensm2@reverbnation.com,isLa6y8gb,(155) 5529296,68,3424,https://robohash.org/113
129,Tybie,Frigout,tfrigout3j@ocn.ne.jp,4WuGPpo5,(989) 1629691,100,3430,https://robohash.org/636
17,Henrietta,Crickett,hcrickettf@npr.org,93MsY3U9AH,(931) 2648184,67,3438,https://robohash.org/742
117,Valencia,Lodeke,vlodeke37@who.int,R5QmsRzx8J,(389) 7974802,67,3438,https://robohash.org/714
577,Reyna,Pohl,rpohlfz@engadget.com,XG9CLf,(666) 4754230,67,3438,https://robohash.org/160
808,Lorena,Mattusov,lmattusovme@drupal.org,fegNg4DfUvm,(112) 5319876,67,3438,https://robohash.org/549
891,Marillin,MacAlaster,mmacalasterop@tuttocitta.it,MT8HR7eYkU,(522) 6911818,67,3438,https://robohash.org/796
936,Casey,Blazek,cblazekpy@indiatimes.com,eOn6uXbLO,(704) 3386229,67,3438,https://robohash.org/828
97,Chick,Beckley,cbeckley2n@wiley.com,WH9z64,(857) 3173308,142,3447,https://robohash.org/211
290,Pryce,Alessandone,palessandone80@usnews.com,73wrCAnyO,(516) 3640266,142,3447,https://robohash.org/898
558,Micah,McElroy,mmcelroyfg@google.com,hygDB7P,(112) 1572946,142,3447,https://robohash.org/944
666,Ewell,Rampton,eramptonig@cnn.com,uJxm5GIZz,(350) 2810523,142,3447,https://robohash.org/92
168,Arnoldo,Gamet,agamet4m@scribd.com,25t83igkM7,(473) 9406311,219,3478,https://robohash.org/994
540,Abra,Artis,aartisey@sbwire.com,ayS0yX,(275) 3909524,219,3478,https://robohash.org/381
297,Delbert,Wyard,dwyard87@omniture.com,1GU8ETf,(675) 1146783,69,3555,https://robohash.org/190
353,Lacey,De Mattia,ldemattia9r@g.co,2MPRjln,(463) 7532036,69,3555,https://robohash.org/832
410,Micky,Brumby,mbrumbybc@kickstarter.com,MH4Wve6w0,(608) 2493710,69,3555,https://robohash.org/371
658,Karlotte,Hynd,khyndi8@dot.gov,MgTW34PDWg,(936) 4331251,69,3555,https://robohash.org/836
100,Franz,Tortoise,ftortoise2q@dropbox.com,3J6Rys71N,(511) 8887841,43,3570,https://robohash.org/667
158,Nicolina,Blackham,nblackham4c@apache.org,VdeYm2UtLo5,(738) 8342386,43,3570,https://robohash.org/427
237,Robby,Chandlar,rchandlar6j@ameblo.jp,AqahnRBKj9,(986) 8577048,43,3570,https://robohash.org/374
246,Norry,Feast,nfeast6s@friendfeed.com,kniGyv0,(456) 5263191,43,3570,https://robohash.org/988
602,Madelaine,Race,mracego@last.fm,v1F1KzI0x7eE,(374) 2094487,43,3570,https://robohash.org/42
967,Lindsay,Aldrich,laldrichqt@dailymotion.com,yDYzeEBJ21,(993) 7507913,43,3570,https://robohash.org/348
132,Vassili,Perschke,vperschke3m@dailymotion.com,Cl10Y7w,(714) 5437501,17,3593,https://robohash.org/110
262,Melessa,Stubbe,mstubbe78@nih.gov,ICoFK2,(777) 7368159,17,3593,https://robohash.org/996
166,Gallard,Ley,gley4k@nydailynews.com,1lpeaQy,(569) 1794384,11,3634,https://robohash.org/444
315,Neddie,Ohrt,nohrt8p@cam.ac.uk,2fwYBKVzUl,(571) 1468665,11,3634,https://robohash.org/171
333,Jaymee,Birden,jbirden97@npr.org,lXUzpNHDf,(316) 3831918,11,3634,https://robohash.org/656
966,Happy,Gerren,hgerrenqs@ox.ac.uk,GIjLdAc6eMa,(955) 8132436,11,3634,https://robohash.org/738
11,Dallon,Godbolt,dgodbolt9@yellowpages.com,ZzUVk5b,(309) 3999590,90,3657,https://robohash.org/192
218,Aileen,Locker,alocker60@pen.io,L79k44kapnW,(551) 5152077,90,3657,https://robohash.org/639
700,Hastings,McGoogan,hmcgooganje@elegantthemes.com,9iNbYmVbr9q,(481) 8594616,90,3657,https://robohash.org/51
165,Basia,Wilks,bwilks4j@independent.co.uk,d8LWTId,(207) 1746171,173,3678,https://robohash.org/434
196,Omar,Gley,ogley5e@topsy.com,1c34AhP,(620) 6646007,173,3678,https://robohash.org/330
339,Moritz,Kinsett,mkinsett9d@earthlink.net,Wgcjqz6ePxI,(660) 1100570,173,3678,https://robohash.org/344
774,Janet,Hindshaw,jhindshawlg@senate.gov,AgFSyL,(791) 6410217,173,3678,https://robohash.org/270
851,Verina,Koppens,vkoppensnl@forbes.com,GOY4UlZ7SH2v,(961) 2757461,173,3678,https://robohash.org/735
913,Perren,Wooler,pwoolerpb@webnode.com,tOHuPu,(757) 3179358,173,3678,https://robohash.org/907
992,Jarrid,Callan,jcallanri@ucoz.com,qrkPDNBNc,(519) 4177589,173,3678,https://robohash.org/275
675,Brant,Painswick,bpainswickip@virginia.edu,1vSK3NO,(583) 8880851,10,3703,https://robohash.org/941
690,Lombard,Jansey,ljanseyj4@google.it,DJiSNU1,(523) 2995455,10,3703,https://robohash.org/352
697,Rafa,Cudde,rcuddejb@live.com,DgyoeW3gX,(751) 9020035,10,3703,https://robohash.org/212
857,Francis,Fines,ffinesnr@123-reg.co.uk,Wnp8liDcx1K,(960) 3166943,10,3703,https://robohash.org/808
861,Urson,Peaple,upeaplenv@plala.or.jp,umPtMJ2YY0,(239) 3434615,10,3703,https://robohash.org/978
111,Claudie,Euels,ceuels31@smh.com.au,uzKbwj7et1Xz,(350) 5402894,196,3711,https://robohash.org/511
375,Van,Carlile,vcarlilead@shareasale.com,RUU5uI,(144) 3752693,196,3711,https://robohash.org/970
486,Annamaria,Lowson,alowsondg@utexas.edu,aMrwfU,(298) 3411985,196,3711,https://robohash.org/583
910,Garnet,Wolledge,gwolledgep8@thetimes.co.uk,dwRglHiDlf,(623) 8359807,196,3711,https://robohash.org/981
931,Skylar,Orchart,sorchartpt@nasa.gov,v9wxRqDsP,(741) 2022513,196,3711,https://robohash.org/42
302,Roxine,Broadbear,rbroadbear8c@pcworld.com,J0W75BG,(417) 6666521,248,3723,https://robohash.org/97
508,Domeniga,Queyos,dqueyose2@cornell.edu,pFoD5tslvMm,(398) 2895336,248,3723,https://robohash.org/233
846,Isa,Wellwood,iwellwoodng@canalblog.com,Sb8fTTW72,(619) 8604696,248,3723,https://robohash.org/790
899,Gretta,Moorey,gmooreyox@globo.com,howFZFSfjmKq,(432) 9202927,248,3723,https://robohash.org/628
260,Austina,Moylane,amoylane76@sphinn.com,fHgplIPRkrW,(523) 2578538,108,3742,https://robohash.org/669
342,Humfrey,Harmon,hharmon9g@sciencedirect.com,zQXV1w,(932) 1465317,108,3742,https://robohash.org/866
606,Fredia,Poel,fpoelgs@cbslocal.com,PXIWyZzrUF,(595) 1290613,108,3742,https://robohash.org/716
648,Milo,Priscott,mpriscotthy@cocolog-nifty.com,cj4e0evW,(684) 3570458,108,3742,https://robohash.org/10
778,Marcile,Bysouth,mbysouthlk@acquirethisname.com,I8yG6tMBX,(596) 8066282,108,3742,https://robohash.org/972
829,Mitzi,Bernt,mberntmz@shop-pro.jp,AyVjAjdr9y,(870) 3051369,108,3742,https://robohash.org/759
320,Bernette,McCosker,bmccosker8u@yahoo.co.jp,XRBuaEvOyDn,(850) 9313867,186,3756,https://robohash.org/706
335,Daniel,Hagan,dhagan99@cargocollective.com,6MbDy4xRY,(680) 7526595,186,3756,https://robohash.org/139
361,Virge,Barukh,vbarukh9z@ocn.ne.jp,hjErTNDUr,(310) 1086290,186,3756,https://robohash.org/483
501,Rosalie,Thacke,rthackedv@blogspot.com,tOQUkAR,(958) 8381908,186,3756,https://robohash.org/695
869,Fae,Affleck,fafflecko3@nymag.com,UFjjndBf,(983) 6647900,186,3756,https://robohash.org/408
940,Benita,McMoyer,bmcmoyerq2@toplist.cz,FUaqnKHFbNE,(858) 9851600,186,3756,https://robohash.org/176
288,Kiah,Gilvary,kgilvary7y@merriam-webster.com,h7IwhmQ,(386) 9878405,240,3768,https://robohash.org/689
676,Laura,Benford,lbenfordiq@eventbrite.com,OPOjvtQ5F,(606) 7937585,240,3768,https://robohash.org/276
723,Onida,Gilcriest,ogilcriestk1@cocolog-nifty.com,F5HSFRW,(824) 3901066,240,3768,https://robohash.org/298
763,Aldric,Monini,amoninil5@umich.edu,SLiXmSjJQF,(642) 8664780,240,3768,https://robohash.org/694
39,Minor,Ivakhnov,mivakhnov11@creativecommons.org,M9v8Um,(919) 4314069,185,3831,https://robohash.org/279
706,Bibbye,Beyne,bbeynejk@geocities.jp,eDSyTSHZyMVe,(457) 7562578,185,3831,https://robohash.org/359
771,Karylin,Thunnerclef,kthunnerclefld@slate.com,i4tyWuuV,(407) 2650694,185,3831,https://robohash.org/740
801,Sybil,Mockford,smockfordm7@google.com.hk,bOgFLfcX,(353) 8981580,185,3831,https://robohash.org/453
195,Buckie,Jonk,bjonk5d@istockphoto.com,od0FKz2L3,(345) 2551648,116,3846,https://robohash.org/441
331,Livy,Bidwell,lbidwell95@pcworld.com,onWMComVL,(850) 6401713,116,3846,https://robohash.org/207
582,Sada,Castanone,scastanoneg4@hp.com,yb2GwKeSR,(327) 2533268,87,3863,https://robohash.org/135
405,Danni,Barth,dbarthb7@cocolog-nifty.com,eClA8hl,(615) 1730514,1,3870,https://robohash.org/123
409,Karlyn,Penney,kpenneybb@newyorker.com,yzdWYtHGWp,(379) 7619919,1,3870,https://robohash.org/582
10,Karry,Lodwig,klodwig8@hud.gov,GsZB1NDY3f,(718) 4539989,14,3903,https://robohash.org/659
256,Crystal,Troop,ctroop72@123-reg.co.uk,H2HCs4Vx,(892) 7210573,14,3903,https://robohash.org/896
393,Zahara,Restorick,zrestorickav@umn.edu,7Cfn1HMz,(259) 1211578,14,3903,https://robohash.org/34
202,Jeniffer,Grinyer,jgrinyer5k@chicagotribune.com,A0zbMEwr,(549) 1985239,222,3911,https://robohash.org/680
327,Kari,Archbutt,karchbutt91@elegantthemes.com,h4UODZfW8X,(829) 3688797,222,3911,https://robohash.org/490
576,Aaron,Van Hesteren,avanhesterenfy@mapquest.com,lFORQxt5,(239) 9968364,222,3911,https://robohash.org/291
799,Donn,aManger,damangerm5@squarespace.com,dJmMG6MU,(294) 9012161,222,3911,https://robohash.org/237
112,Iggy,Whitton,iwhitton32@ucoz.ru,BzGgnmHE6Mv,(754) 1647247,103,3916,https://robohash.org/949
413,Lon,Harfleet,lharfleetbf@psu.edu,Z62R2cD,(547) 3603890,103,3916,https://robohash.org/5
895,Mischa,Grubb,mgrubbot@baidu.com,TIwOkym2NOPI,(773) 3276284,103,3916,https://robohash.org/124
902,Charlot,Bakewell,cbakewellp0@ehow.com,1gsU6WaekYIL,(808) 2187041,103,3916,https://robohash.org/871
605,Donn,Pina,dpinagr@weather.com,zOfnVge9dg,(259) 7215403,228,3946,https://robohash.org/542
107,Margi,Walkingshaw,mwalkingshaw2x@berkeley.edu,mxAfJyuNDiM,(879) 9014102,104,3954,https://robohash.org/547
457,Cody,Schubart,cschubartcn@jalbum.net,4dLpHuig5cw,(243) 4611284,104,3954,https://robohash.org/184
667,Aretha,Bleiman,ableimanih@mapy.cz,cYqQYRJFm3Z,(484) 3422952,104,3954,https://robohash.org/898
698,Sheilah,Castelow,scastelowjc@oracle.com,iHHQxQv2,(517) 8427425,104,3954,https://robohash.org/102
918,Lavina,Gowanson,lgowansonpg@upenn.edu,ebsR1nbWUJL,(861) 5216416,104,3954,https://robohash.org/209
101,Audy,Zouch,azouch2r@sina.com.cn,ZFo6BTsqs2V,(923) 2073661,37,3972,https://robohash.org/366
182,Kim,Zini,kzini50@tuttocitta.it,UjG9iuf7WAWY,(187) 5553112,37,3972,https://robohash.org/447
999,Fonsie,Domelow,fdomelowrp@odnoklassniki.ru,63TCFw,(679) 8017360,37,3972,https://robohash.org/388
187,Kizzie,Buie,kbuie55@ed.gov,6HslM9R,(327) 4771689,115,3995,https://robohash.org/235
603,Shaun,Southon,ssouthongp@dmoz.org,MZQ31H02,(871) 1604938,115,3995,https://robohash.org/930
849,Cully,Jerdein,cjerdeinnj@yolasite.com,CyrRpExU,(239) 3670890,115,3995,https://robohash.org/693
919,Geneva,Matuszinski,gmatuszinskiph@phpbb.com,fwiQaEFa,(954) 7563340,115,3995,https://robohash.org/951
608,Dulciana,Mattocks,dmattocksgu@mayoclinic.com,w2d4Aq,(881) 5196514,101,4006,https://robohash.org/955
870,Talyah,Barringer,tbarringero4@msu.edu,9xO7zmTWpw,(989) 8765061,101,4006,https://robohash.org/200
27,Clare,Garbar,cgarbarp@google.com.hk,E7jgahyw,(741) 8514180,97,4041,https://robohash.org/390
36,Emalee,Dymocke,edymockey@issuu.com,lN5mE3W,(915) 7789380,97,4041,https://robohash.org/397
267,Ozzie,MacShirrie,omacshirrie7d@over-blog.com,hGUerxQb8O4,(984) 6401711,97,4041,https://robohash.org/311
442,Cash,Partrick,cpartrickc8@yale.edu,jDY8hkoO,(548) 4922663,97,4041,https://robohash.org/163
905,Cedric,Wherrit,cwherritp3@youtube.com,QAEPL26AMIK,(223) 8415521,97,4041,https://robohash.org/674
979,Silvana,Leband,slebandr5@furl.net,N0j5CHWbUWz8,(407) 3224515,97,4041,https://robohash.org/633
91,Camilla,Oswick,coswick2h@163.com,KNo7rlk,(179) 6649709,158,4059,https://robohash.org/2
188,Dimitri,Dwelly,ddwelly56@is.gd,bYRgsLi3DlOO,(156) 7954501,158,4059,https://robohash.org/343
230,Lucienne,Skerme,lskerme6c@myspace.com,H9s4o0CVbtq,(379) 6710125,158,4059,https://robohash.org/771
461,Lory,Mapholm,lmapholmcr@hatena.ne.jp,KdloN5y6ndJt,(613) 6236574,158,4059,https://robohash.org/212
311,Warner,Gandley,wgandley8l@engadget.com,BWo11As,(243) 9072905,61,4076,https://robohash.org/225
482,Madelina,Stavers,mstaversdc@cocolog-nifty.com,Euy7kA,(599) 5685924,61,4076,https://robohash.org/198
682,Zara,Jellings,zjellingsiw@vimeo.com,if1vDcWp,(639) 6972425,61,4076,https://robohash.org/17
812,Dedie,Corwin,dcorwinmi@geocities.com,DkRUdQfn,(411) 9959770,61,4076,https://robohash.org/852
881,Vittoria,Slessor,vslessorof@hostgator.com,IHio061kT,(929) 6004245,61,4076,https://robohash.org/386
976,Caressa,Blind,cblindr2@intel.com,R1qxJWNce,(663) 3290201,61,4076,https://robohash.org/108
169,Gae,Devita,gdevita4n@wp.com,9W6EFs,(725) 2246438,62,4086,https://robohash.org/8
378,Celestia,Shipton,cshiptonag@sphinn.com,nx18IIGKqME,(301) 2336136,62,4086,https://robohash.org/542
381,Huntley,Caseborne,hcaseborneaj@constantcontact.com,WPvXWPI,(417) 8557248,62,4086,https://robohash.org/616
455,Zebedee,Sargeaunt,zsargeauntcl@trellian.com,QSxc6w,(399) 8713706,62,4086,https://robohash.org/210
464,Belle,Gregoraci,bgregoracicu@ezinearticles.com,p0LdWh2,(859) 2763221,62,4086,https://robohash.org/609
599,Natassia,Adkins,nadkinsgl@fotki.com,mppMbTX,(593) 2686147,62,4086,https://robohash.org/799
859,Dillie,Plane,dplanent@webnode.com,lutdo5yA,(174) 8538166,62,4086,https://robohash.org/580
86,Marcella,Spragge,mspragge2c@uol.com.br,JwwPdqhIBYsK,(263) 8332292,95,4117,https://robohash.org/991
916,Giavani,Neames,gneamespe@studiopress.com,wjSDij6gg,(776) 8940319,95,4117,https://robohash.org/208
4,Farrell,Squier,fsquier2@is.gd,yFXDaDY5Mm1Q,(911) 2991742,66,4127,https://robohash.org/665
59,Esta,Scutts,escutts1l@barnesandnoble.com,ytnm8EGy7JO,(372) 3396814,66,4127,https://robohash.org/205
242,Andy,Spinige,aspinige6o@php.net,2JXvAWWndZ3,(806) 4709488,66,4127,https://robohash.org/236
717,Conchita,Ryle,crylejv@cloudflare.com,7O40YT2Z,(485) 5925081,66,4127,https://robohash.org/933
740,Thorpe,Mallan,tmallanki@ed.gov,6HpDEtYvW1Wp,(216) 8160158,66,4127,https://robohash.org/570
753,Jasun,Skottle,jskottlekv@tinyurl.com,iYgkT5cqZ5,(858) 2838310,66,4127,https://robohash.org/113
953,Tobin,Maidment,tmaidmentqf@patch.com,4qisgT,(323) 5395600,66,4127,https://robohash.org/39
965,Fleur,Matthewman,fmatthewmanqr@wikia.com,77VXaRZHgm5e,(905) 2209465,66,4127,https://robohash.org/390
387,Arlana,Treuge,atreugeap@princeton.edu,gNolAmzcKMG,(979) 3723271,201,4141,https://robohash.org/175
813,Isidora,Scolli,iscollimj@cbsnews.com,QZe87VGIq5M,(952) 7818671,201,4141,https://robohash.org/61
102,Sebastiano,Areles,sareles2s@unc.edu,JpIiDq,(913) 6006905,200,4352,https://robohash.org/284
106,Shani,Everiss,severiss2w@economist.com,ZPRDojK,(817) 3232999,200,4352,https://robohash.org/625
366,Piotr,Applin,papplina4@tripadvisor.com,hG9926GJoj,(636) 2556953,200,4352,https://robohash.org/644
401,Everett,Sango,esangob3@1688.com,cDNJKFW,(450) 8326899,200,4352,https://robohash.org/715
444,Kahlil,Streader,kstreaderca@adobe.com,sKolxeX,(751) 7083881,200,4352,https://robohash.org/284
736,Sianna,Hadigate,shadigateke@cdbaby.com,3waQkfzQ,(578) 5269779,144,4360,https://robohash.org/424
989,Curry,Ffoulkes,cffoulkesrf@whitehouse.gov,1U5rlvitAoGW,(296) 8440839,144,4360,https://robohash.org/239
624,Harman,Corbally,hcorballyha@netvibes.com,5Fx72wbvhdZd,(877) 9377030,120,4396,https://robohash.org/274
247,Leon,Skevington,lskevington6t@usa.gov,8J491VcOl,(573) 6194072,63,4514,https://robohash.org/897
449,Natalya,Dagworthy,ndagworthycf@cbc.ca,6C9VCyglxJD,(105) 6792821,63,4514,https://robohash.org/833
613,Viviyan,Dorkens,vdorkensgz@google.ru,eu23Bv2R024T,(825) 8928048,63,4514,https://robohash.org/876
762,Maurice,Frushard,mfrushardl4@canalblog.com,eZAqWbNexc,(400) 6817992,63,4514,https://robohash.org/988
618,Wald,Commander,wcommanderh4@examiner.com,DfZZW7X,(573) 4758208,168,4526,https://robohash.org/771
898,Fabiano,Busain,fbusainow@mediafire.com,EQqFnfQZ7PO,(559) 1929355,168,4526,https://robohash.org/712
343,Ivory,Gann,igann9h@goo.ne.jp,b9I9o2sVfE,(340) 3738839,58,4542,https://robohash.org/7
531,Chad,Attkins,cattkinsep@vinaora.com,XQbuM2p,(728) 8231063,58,4542,https://robohash.org/282
536,Halsey,Arthy,harthyeu@shinystat.com,JTYiUKW,(602) 4497995,58,4542,https://robohash.org/868
597,Clare,Southouse,csouthousegj@51.la,ebFhMDOGK,(111) 4586452,58,4542,https://robohash.org/581
752,Abby,Okenfold,aokenfoldku@ucsd.edu,lKdh6QiD94Y,(490) 7763259,58,4542,https://robohash.org/960
125,Romona,Renad,rrenad3f@cbc.ca,RQpp1X,(381) 7010123,199,4649,https://robohash.org/147
687,Anna-diane,Cliffe,acliffej1@cpanel.net,afH7J1,(273) 5622077,199,4649,https://robohash.org/423
844,Eddy,Haslin,ehaslinne@illinois.edu,qol5MfXpkd,(431) 2966340,199,4649,https://robohash.org/363
351,Joellyn,Eaglestone,jeaglestone9p@google.ca,2wQpF3fYmYI,(190) 4167045,153,4654,https://robohash.org/305
656,Tamra,Zmitruk,tzmitruki6@china.com.cn,7MY8XnC6BZJT,(757) 5810439,153,4654,https://robohash.org/74
865,Katey,Ockendon,kockendonnz@dedecms.com,AAHbECQZwM,(313) 1549658,153,4654,https://robohash.org/152
239,Dory,Keal,dkeal6l@webmd.com,BNPJxi,(960) 4136298,230,4668,https://robohash.org/629
383,Harris,Kirsop,hkirsopal@adobe.com,YEF5FRnMLor,(641) 7392042,230,4668,https://robohash.org/937
587,Omero,O'Nions,oonionsg9@npr.org,wI6teC1zz,(998) 5113155,230,4668,https://robohash.org/201
245,Veronike,Palatini,vpalatini6r@istockphoto.com,knuCmw8,(553) 9660887,181,4720,https://robohash.org/160
541,Winnie,Kennifick,wkennifickez@fastcompany.com,OQLaWjASZ,(818) 5648536,181,4720,https://robohash.org/229
800,Claire,Thurlborn,cthurlbornm6@taobao.com,49KJOyGB,(920) 5013867,181,4720,https://robohash.org/627
172,Celisse,Kernes,ckernes4q@dmoz.org,hZ5spekNLq,(931) 5427816,191,4761,https://robohash.org/617
704,Kelci,Doidge,kdoidgeji@salon.com,peLXG5WZnAgJ,(648) 5394264,191,4761,https://robohash.org/857
713,Jemmie,McTerrelly,jmcterrellyjr@mac.com,ykO4Rc7qE4S,(679) 2603847,191,4761,https://robohash.org/491
933,Clementina,Rodenburgh,crodenburghpv@diigo.com,uclQFbN3x0,(910) 4166162,191,4761,https://robohash.org/160
78,Lidia,Binks,lbinks24@wikispaces.com,uKhpNG,(136) 6496041,237,4772,https://robohash.org/693
525,Vance,Wasbey,vwasbeyej@rediff.com,628Ca4UXejf,(560) 7409361,237,4772,https://robohash.org/13
532,Paddie,Arenson,parensoneq@pen.io,XYDJBi0,(470) 9652686,237,4772,https://robohash.org/131
820,Marietta,Linnett,mlinnettmq@sohu.com,b2rdHN1SG,(670) 2772418,237,4772,https://robohash.org/527
941,Sax,McIlraith,smcilraithq3@va.gov,ksZKN55sNMsN,(628) 8461151,237,4772,https://robohash.org/877
71,Alisander,Drysdall,adrysdall1x@theguardian.com,tB04Udk,(706) 4610131,202,4778,https://robohash.org/974
118,Enrika,Lewcock,elewcock38@furl.net,1d2fXTSk,(457) 6538433,202,4778,https://robohash.org/791
201,Zonnya,Corps,zcorps5j@abc.net.au,IzJSP4,(117) 8021434,202,4778,https://robohash.org/26
35,Avrom,O' Gara,aogarax@va.gov,MdK6kjk,(298) 4502748,75,4794,https://robohash.org/952
95,Putnem,Gravenell,pgravenell2l@irs.gov,LcLVpsy5fj,(160) 9135774,75,4794,https://robohash.org/374
163,Mufinella,Spivey,mspivey4h@blog.com,LsxBLgAB,(647) 8644876,75,4794,https://robohash.org/266
271,Ardeen,Dakers,adakers7h@list-manage.com,qYsOotGjDg0,(864) 6419018,75,4794,https://robohash.org/909
557,Brunhilde,Mc Comb,bmccombff@nih.gov,BKIen71F8,(945) 2460156,75,4794,https://robohash.org/57
837,Dot,Ceresa,dceresan7@spiegel.de,AkqVGA,(800) 5853036,75,4794,https://robohash.org/53
928,Ronnie,Dunkinson,rdunkinsonpq@so-net.ne.jp,hmxPbU5WV818,(434) 3018557,75,4794,https://robohash.org/473
254,Penni,Oakland,poakland70@issuu.com,0M911v,(488) 5768292,171,4830,https://robohash.org/765
325,Shelba,Blunsom,sblunsom8z@plala.or.jp,ShjjbjF2Pu,(325) 7912536,171,4830,https://robohash.org/479
657,Gusti,Maypes,gmaypesi7@t-online.de,vAzvVh,(846) 2912530,171,4830,https://robohash.org/891
729,Dexter,Hacksby,dhacksbyk7@telegraph.co.uk,BPZmdB2zmn,(535) 3088023,171,4830,https://robohash.org/381
906,Dawn,Hasson,dhassonp4@sbwire.com,3Upfs1K,(139) 3085725,171,4830,https://robohash.org/34
137,Kenon,Rubbert,krubbert3r@dot.gov,9SoCseHZ,(364) 5652058,25,4860,https://robohash.org/539
359,Domini,Gorgl,dgorgl9x@histats.com,LSRMFjaz,(627) 8740685,25,4860,https://robohash.org/680
621,Marrissa,Jurczak,mjurczakh7@netlog.com,6K9bJr,(483) 1840246,25,4860,https://robohash.org/944
756,Chrotoem,Carrier,ccarrierky@unesco.org,M11PGJ,(355) 1099828,25,4860,https://robohash.org/501
764,Aili,Labbez,alabbezl6@ft.com,jqF2LFTPmS,(298) 5991484,25,4860,https://robohash.org/336
50,Coretta,Uzielli,cuzielli1c@livejournal.com,HGLYFTmpY,(141) 2404314,98,4883,https://robohash.org/857
629,Audra,Paul,apaulhf@geocities.com,p2AXALnbVD1,(970) 6792924,98,4883,https://robohash.org/83
836,Lily,Brittle,lbrittlen6@flickr.com,TpgSDg4,(938) 3564069,98,4883,https://robohash.org/716
21,Pru,Tinmouth,ptinmouthj@people.com.cn,f69ERigZs,(133) 5638947,145,4917,https://robohash.org/954
45,Hillary,Maciocia,hmaciocia17@adobe.com,KbwKyo,(457) 9415944,145,4917,https://robohash.org/66
528,Minnnie,Blamire,mblamireem@bbb.org,E11TIVGl7GUE,(269) 8920754,145,4917,https://robohash.org/109
728,Hester,St Pierre,hstpierrek6@soundcloud.com,GDNnkP56hEai,(679) 3262078,145,4917,https://robohash.org/692
759,Worden,Balmann,wbalmannl1@sourceforge.net,xiU6nT,(845) 8007789,145,4917,https://robohash.org/540
792,Rebecka,Papaccio,rpapaccioly@posterous.com,cqvsVKF2aS,(725) 8790030,145,4917,https://robohash.org/14
827,Chad,Gapper,cgappermx@360.cn,dFHNYiRkegu,(766) 2090167,145,4917,https://robohash.org/849
952,Nancy,Romanetti,nromanettiqe@furl.net,mWgCdDv,(433) 7452719,145,4917,https://robohash.org/221
236,Xena,Rebbeck,xrebbeck6i@amazon.com,uCAQkC,(345) 9987616,242,5072,https://robohash.org/109
352,Neils,Fowls,nfowls9q@biblegateway.com,e9ncnoMaJc6,(905) 9310717,242,5072,https://robohash.org/585
468,Kirby,Dumphreys,kdumphreyscy@diigo.com,pfcdMe6TF,(539) 9715808,242,5072,https://robohash.org/150
497,Saxon,Veronique,sveroniquedr@github.io,mYTGX253Rz,(718) 4732296,242,5072,https://robohash.org/902
664,Merrili,Storah,mstorahie@wikimedia.org,Ynvq3if,(516) 1576796,242,5072,https://robohash.org/714
880,Shaun,Land,slandoe@nba.com,hBgaJ3wfwC,(678) 4066205,242,5072,https://robohash.org/282
33,Lynnette,Loxdale,lloxdalev@uiuc.edu,EmqyBibrRE,(155) 5717027,178,5075,https://robohash.org/772
579,Marge,Dreinan,mdreinang1@reuters.com,IajZlMG8,(245) 1349025,178,5075,https://robohash.org/890
674,Haroun,Bolus,hbolusio@woothemes.com,T24vang,(951) 4910807,178,5075,https://robohash.org/219
222,Jacquie,Pykerman,jpykerman64@bloglovin.com,zuctNwWmO,(757) 6924234,155,5086,https://robohash.org/73
520,Shannah,Renny,srennyee@msu.edu,moUo70p,(957) 7269865,155,5086,https://robohash.org/236
3,Quincey,Gemeau,qgemeau1@skype.com,bay8N3B,(963) 6483630,67,3438,https://robohash.org/499
5,Freeman,Mattiassi,fmattiassi3@un.org,yty9si,(666) 7811941,67,3438,https://robohash.org/257
6,Wendie,Pietruszka,wpietruszka4@spiegel.de,OgEsBYePR,(963) 1099835,67,3438,https://robohash.org/488
24,Michal,Canavan,mcanavanm@ameblo.jp,WuBjsx,(371) 5482024,67,3438,https://robohash.org/28
32,Kassie,Farn,kfarnu@sina.com.cn,OMKdFhzcxe,(618) 9525114,67,3438,https://robohash.org/54
44,Amanda,Roskam,aroskam16@etsy.com,AxTr8EST,(832) 3799931,142,3447,https://robohash.org/279
48,Cindie,Keme,ckeme1a@chron.com,GlBuvYUl,(383) 8601047,142,3447,https://robohash.org/114
56,Elia,Zellner,ezellner1i@engadget.com,zNNPhrfA,(207) 1622342,142,3447,https://robohash.org/324
57,Elroy,Terry,eterry1j@thetimes.co.uk,mZY9LHJK1ovu,(148) 8787535,142,3447,https://robohash.org/940
58,Demetri,Wardel,dwardel1k@soundcloud.com,ZpVXbE,(609) 1482124,219,3478,https://robohash.org/56
60,Etty,Kruszelnicki,ekruszelnicki1m@house.gov,8woUWPlTkq,(781) 5261473,219,3478,https://robohash.org/609
68,Suzanne,Cansdill,scansdill1u@ucoz.com,ZOeFedAw,(817) 7128331,69,3555,https://robohash.org/348
69,Tisha,Simmance,tsimmance1v@time.com,ZN05Dzl8s41r,(811) 6794366,69,3555,https://robohash.org/511
72,Wiley,Bulbeck,wbulbeck1y@amazon.com,LqpL5z6I3,(998) 9869288,69,3555,https://robohash.org/687
77,Dru,Matteucci,dmatteucci23@flavors.me,yugXEQForh,(556) 4687352,69,3555,https://robohash.org/936
81,Mikey,Walcot,mwalcot27@ebay.co.uk,sMEgPLr9,(662) 6403059,43,3570,https://robohash.org/636
104,Lauretta,Hobgen,lhobgen2u@example.com,1TK1TnTpPwW,(717) 9416441,43,3570,https://robohash.org/663
108,Brander,Eneas,beneas2y@bigcartel.com,ZtGiY4lV,(538) 6583382,43,3570,https://robohash.org/406
115,Jori,Brahmer,jbrahmer35@technorati.com,akM4sqGr6MfY,(181) 6183108,43,3570,https://robohash.org/534
122,Lennard,Trood,ltrood3c@mtv.com,YU1pCAM,(472) 7972649,43,3570,https://robohash.org/486
124,Filberte,Shortall,fshortall3e@sphinn.com,eEfvnWwm,(620) 2687073,43,3570,https://robohash.org/768
127,Magnum,Larratt,mlarratt3h@privacy.gov.au,tShSqNeB,(181) 1205939,17,3593,https://robohash.org/98
134,Kristin,McCarty,kmccarty3o@networkadvertising.org,4Znk8luoJ,(578) 5822121,17,3593,https://robohash.org/442
144,Victor,MacGaughie,vmacgaughie3y@vistaprint.com,xECh2TlZ,(514) 9830491,11,3634,https://robohash.org/267
145,Malina,Hobden,mhobden3z@amazon.com,0rz13TL,(747) 7718202,11,3634,https://robohash.org/885
155,Brigid,Nelm,bnelm49@engadget.com,utlaMzVHZbV,(557) 5561330,11,3634,https://robohash.org/257
156,Valery,McMichan,vmcmichan4a@sun.com,qcqLLuJ,(433) 1508246,11,3634,https://robohash.org/941
157,Carissa,Aldgate,caldgate4b@weebly.com,8QePlSYQVHE,(136) 5666160,90,3657,https://robohash.org/40
160,Katina,Flancinbaum,kflancinbaum4e@discovery.com,iPXw6Cpzr,(462) 2221029,90,3657,https://robohash.org/457
164,Haleigh,Summerell,hsummerell4i@hostgator.com,CTc5TN246G,(669) 4040830,90,3657,https://robohash.org/201
167,Odilia,Buyers,obuyers4l@virginia.edu,MOpjJT,(837) 2404754,173,3678,https://robohash.org/410
171,Krisha,Fulford,kfulford4p@t.co,8dP9yfrM1QH,(419) 3884592,173,3678,https://robohash.org/401
174,Gwenore,Andrieu,gandrieu4s@seattletimes.com,r76ongKHbZR,(124) 1434163,173,3678,https://robohash.org/582
175,Guenevere,Howchin,ghowchin4t@cbslocal.com,XuLbrTLoq,(355) 3308944,173,3678,https://robohash.org/415
177,Stanford,Reeve,sreeve4v@wp.com,E7qRRc,(556) 3123941,173,3678,https://robohash.org/165
185,Brianna,Rising,brising53@bigcartel.com,EkJXpcO,(937) 3169421,173,3678,https://robohash.org/689
203,Mella,Pleace,mpleace5l@reddit.com,1i6jTp,(630) 6264049,173,3678,https://robohash.org/630
212,Alane,Rennolds,arennolds5u@eventbrite.com,Kjgd3IhRp,(856) 5849301,10,3703,https://robohash.org/817
214,Daron,Ivery,divery5w@harvard.edu,AjWXio65OA,(934) 8782368,10,3703,https://robohash.org/614
216,Lita,McCutheon,lmccutheon5y@trellian.com,cy5hrbRa,(756) 3783763,10,3703,https://robohash.org/420
221,Alden,Hegg,ahegg63@wordpress.org,rxaa0Fry,(222) 8405895,10,3703,https://robohash.org/39
226,Fernande,Augustus,faugustus68@sbwire.com,YUA27tmXqqe0,(679) 7868333,10,3703,https://robohash.org/908
229,Dana,Melody,dmelody6b@samsung.com,ARJfldD,(772) 3007407,196,3711,https://robohash.org/788
248,Ritchie,Simm,rsimm6u@w3.org,sLdT8Vposu,(636) 4547993,196,3711,https://robohash.org/514
249,Celinda,Summerlee,csummerlee6v@deliciousdays.com,3T24p4WuRXDN,(237) 1211461,196,3711,https://robohash.org/758
252,Cynthea,Batty,cbatty6y@flavors.me,DZbWKn95gI,(652) 8225794,196,3711,https://robohash.org/792
255,Odella,Ramsbotham,oramsbotham71@indiegogo.com,4sOARazON8,(856) 9514671,196,3711,https://robohash.org/152
263,Uri,Beauchop,ubeauchop79@typepad.com,uTbLFi3,(606) 6795644,248,3723,https://robohash.org/459
268,Pavla,Northill,pnorthill7e@blogger.com,bUCenRRNbM,(506) 1416844,248,3723,https://robohash.org/805
269,Cristie,Got,cgot7f@spotify.com,oM4dW7,(522) 9395245,248,3723,https://robohash.org/749
272,Josias,Chiplen,jchiplen7i@sourceforge.net,cg5FzeHaLBV,(245) 5526236,248,3723,https://robohash.org/506
273,Frederick,Paaso,fpaaso7j@eepurl.com,8m2CdyQF,(941) 1789703,108,3742,https://robohash.org/35
274,Elnore,Frigout,efrigout7k@intel.com,B2Qzu52OI,(603) 6866527,108,3742,https://robohash.org/628
275,Morgan,Margeram,mmargeram7l@free.fr,p07Wna,(178) 5294429,108,3742,https://robohash.org/815
276,Janean,Mowett,jmowett7m@huffingtonpost.com,ibmIB3t7j3hX,(406) 6296880,108,3742,https://robohash.org/947
277,Kinsley,Blasetti,kblasetti7n@blinklist.com,sE69lMD,(591) 3591945,108,3742,https://robohash.org/980
281,Stanly,Newick,snewick7r@craigslist.org,aXuxeA2B,(252) 9927352,108,3742,https://robohash.org/867
291,Travus,Sommersett,tsommersett81@shinystat.com,89bOXNrq,(386) 9192088,186,3756,https://robohash.org/663
293,Milka,Issard,missard83@mashable.com,sgSg8vEw,(258) 4407999,186,3756,https://robohash.org/448
298,Marsha,Burgis,mburgis88@chicagotribune.com,AUKdIuBtd7,(120) 1954559,186,3756,https://robohash.org/516
307,Forrest,Fihelly,ffihelly8h@yahoo.co.jp,fZowXrI2HMf,(754) 3274207,186,3756,https://robohash.org/293
326,Faina,Santello,fsantello90@histats.com,4t2vRV,(356) 7341493,186,3756,https://robohash.org/170
329,Montague,Ewence,mewence93@usda.gov,eCF53P7o,(530) 5733934,186,3756,https://robohash.org/572
345,Guendolen,Whates,gwhates9j@spiegel.de,CVatAwbv87Em,(478) 6857471,240,3768,https://robohash.org/950
346,Brandise,Ditty,bditty9k@elegantthemes.com,s0MpJ9,(565) 4506325,240,3768,https://robohash.org/468
347,Nerita,Tassell,ntassell9l@xinhuanet.com,D8GjVmJg6,(586) 5736669,240,3768,https://robohash.org/779
350,Gilbertine,Cudd,gcudd9o@wikispaces.com,ojhPpI0lJ,(711) 6075814,240,3768,https://robohash.org/971
369,Crichton,Colaton,ccolatona7@va.gov,TzweBwVi,(147) 2948555,67,3438,https://robohash.org/497
372,Myles,Franciskiewicz,mfranciskiewiczaa@vistaprint.com,sBw0vC2Cwn,(835) 6468412,67,3438,https://robohash.org/168
373,Joice,Frankowski,jfrankowskiab@newsvine.com,FG1dzUSyz,(594) 4670505,67,3438,https://robohash.org/176
379,Annalee,Lob,alobah@jiathis.com,uuuHmLfwPVjh,(179) 4043900,67,3438,https://robohash.org/528
389,Grenville,Cuppleditch,gcuppleditchar@businessinsider.com,WzTUtU3mr6CO,(302) 9677687,67,3438,https://robohash.org/417
394,Ag,Brinson,abrinsonaw@ameblo.jp,82E0t92k0QVx,(512) 2465870,142,3447,https://robohash.org/509
396,Ricky,Karpinski,rkarpinskiay@admin.ch,B4pfNZidCj,(425) 7518995,142,3447,https://robohash.org/363
398,Nye,MacCarter,nmaccarterb0@archive.org,zPl5qjmhX6,(762) 8179752,142,3447,https://robohash.org/874
404,Jaymie,Janeczek,jjaneczekb6@mtv.com,Qqcw8Q,(467) 7925676,142,3447,https://robohash.org/519
416,Emmye,Oels,eoelsbi@msu.edu,T5GX0f8RT9h,(897) 6217580,219,3478,https://robohash.org/766
417,Creighton,Braunds,cbraundsbj@histats.com,svoSwn,(933) 5254785,219,3478,https://robohash.org/540
430,Towny,Gallego,tgallegobw@mit.edu,03vj36,(447) 9434498,69,3555,https://robohash.org/356
440,Cyndy,Codrington,ccodringtonc6@eepurl.com,JviGrFrIyg,(283) 7333911,69,3555,https://robohash.org/915
452,Meredeth,Lovekin,mlovekinci@topsy.com,zt9xbEI,(977) 5160655,69,3555,https://robohash.org/364
453,Adelaide,Winkell,awinkellcj@ebay.co.uk,gyVZX0Fr,(766) 8366280,69,3555,https://robohash.org/65
454,Connie,Shemmin,cshemminck@multiply.com,dOYy9zrSudl,(169) 8863804,43,3570,https://robohash.org/142
458,Mellisa,Leggon,mleggonco@marriott.com,kdWuEOMCNA,(718) 3116480,43,3570,https://robohash.org/931
462,Betta,Prise,bprisecs@simplemachines.org,yxpJfWb5lr,(283) 5164312,43,3570,https://robohash.org/902
470,Cristobal,Willan,cwilland0@techcrunch.com,owWGvb9B,(542) 8364603,43,3570,https://robohash.org/37
474,Austin,Harcombe,aharcombed4@istockphoto.com,R8wAuWEa5YvC,(872) 7991740,43,3570,https://robohash.org/664
478,Cy,Glazzard,cglazzardd8@github.io,VvkY50qO7fA,(460) 4515785,43,3570,https://robohash.org/863
487,Aurel,Gaudin,agaudindh@ifeng.com,lX4xF1gKM,(407) 4783324,17,3593,https://robohash.org/886
488,Olia,Corteney,ocorteneydi@tuttocitta.it,TL9TqW8Fy,(294) 2945439,17,3593,https://robohash.org/422
490,Georgeanna,Mateescu,gmateescudk@google.co.jp,jdZkH6mP2t,(337) 7733167,11,3634,https://robohash.org/413
493,Georgine,Prebble,gprebbledn@pen.io,onsd2CzwF,(172) 8485106,11,3634,https://robohash.org/558
499,Weber,Mulqueeny,wmulqueenydt@unc.edu,osnyujgYRIU,(233) 2830315,11,3634,https://robohash.org/243
502,Obediah,Daveren,odaverendw@blogger.com,ugBwZUf,(948) 4989314,11,3634,https://robohash.org/339
510,Marylou,Fieller,mfiellere4@ftc.gov,wdWH1xNDs,(475) 9903035,90,3657,https://robohash.org/286
522,Salomi,Scraggs,sscraggseg@uiuc.edu,xaxa0uqN,(777) 5126039,90,3657,https://robohash.org/304
533,Burt,Lewendon,blewendoner@cbsnews.com,xkmmwKrCKqH,(322) 9851705,90,3657,https://robohash.org/714
537,Walsh,O'Grada,wogradaev@wiley.com,5l61246XYLwN,(850) 3895701,173,3678,https://robohash.org/777
539,Hannis,Danat,hdanatex@goo.gl,2ovoqKSTL,(584) 4748963,173,3678,https://robohash.org/782
542,Maxine,Mordon,mmordonf0@macromedia.com,0mWtqSJw,(207) 2213406,173,3678,https://robohash.org/939
549,Marjory,Crocetto,mcrocettof7@smugmug.com,OIu8uf,(412) 1687596,173,3678,https://robohash.org/727
554,Doloritas,Scranney,dscranneyfc@answers.com,5WFsaEbl,(579) 6692244,173,3678,https://robohash.org/375
559,Carmina,de Almeida,cdealmeidafh@ucsd.edu,8m22p5jV,(941) 6971182,173,3678,https://robohash.org/630
562,Hi,Abdee,habdeefk@techcrunch.com,4zqS1dxw,(532) 5295612,173,3678,https://robohash.org/722
563,Alonso,Caitlin,acaitlinfl@thetimes.co.uk,FCS3lESN,(172) 8744410,10,3703,https://robohash.org/55
568,Wynn,Bunstone,wbunstonefq@over-blog.com,XcYPz7ct4,(314) 5765704,10,3703,https://robohash.org/707
570,Debi,Avramovich,davramovichfs@admin.ch,B7HiySIwFAQ,(893) 5384533,10,3703,https://robohash.org/517
584,Atlanta,Marskell,amarskellg6@nps.gov,8D1RzTKwD,(721) 5888668,10,3703,https://robohash.org/206
596,Mikaela,Spiller,mspillergi@histats.com,kE0rGNFgiDQ,(575) 6811535,10,3703,https://robohash.org/863
600,Lotte,Patkin,lpatkingm@cbsnews.com,ki1AEyeS3m8,(661) 1926374,196,3711,https://robohash.org/702
607,Veronica,Dallicott,vdallicottgt@artisteer.com,hmgjsVVF8r0D,(773) 1394667,196,3711,https://robohash.org/384
615,Essie,Colnet,ecolneth1@blogtalkradio.com,9nFBuUiULW8,(452) 3400845,196,3711,https://robohash.org/660
617,Beale,Roll,brollh3@vistaprint.com,mc7RoPOK,(436) 6511883,196,3711,https://robohash.org/807
623,Alyda,Cohan,acohanh9@virginia.edu,y2Aox49zPSCJ,(242) 4447697,196,3711,https://robohash.org/70
626,Baldwin,Atherley,batherleyhc@europa.eu,dMnmg5qKTp5,(846) 5207991,248,3723,https://robohash.org/162
634,Priscilla,Wyvill,pwyvillhk@fda.gov,1DWwje,(279) 9338122,248,3723,https://robohash.org/49
640,Loutitia,Davidowich,ldavidowichhq@wunderground.com,IuJBjps371,(936) 4990562,248,3723,https://robohash.org/328
655,Correy,Dight,cdighti5@mit.edu,yqgLfR,(934) 7040479,248,3723,https://robohash.org/867
659,Adeline,Goulder,agoulderi9@microsoft.com,OsvxMEmJ5Y,(897) 6755784,108,3742,https://robohash.org/469
660,Annmaria,Glidden,agliddenia@shop-pro.jp,ZmtbhaAg,(319) 7481764,108,3742,https://robohash.org/786
669,Camilla,Hewins,chewinsij@intel.com,WrBvWq703Ne,(530) 7221730,108,3742,https://robohash.org/522
672,Keven,Gravey,kgraveyim@gravatar.com,6Q6B6CfGJZU,(538) 5523709,108,3742,https://robohash.org/71
673,Gerrie,Cowmeadow,gcowmeadowin@timesonline.co.uk,1yPbx2Ma,(876) 7169862,108,3742,https://robohash.org/911
684,Torie,Victory,tvictoryiy@unblog.fr,i1AU5LScgi,(859) 1429413,108,3742,https://robohash.org/91
685,Gavin,Pendrich,gpendrichiz@moonfruit.com,QIXt4ioVg,(655) 5597274,186,3756,https://robohash.org/229
691,Rena,Phil,rphilj5@tinypic.com,D7xEyDpUiQpZ,(659) 3376979,186,3756,https://robohash.org/153
701,Jemimah,Gotobed,jgotobedjf@csmonitor.com,wRsjiU70,(220) 5423329,186,3756,https://robohash.org/281
707,Marjorie,Bathoe,mbathoejl@cargocollective.com,RKglheqFZwaP,(817) 2373173,186,3756,https://robohash.org/856
715,Hillier,Coultass,hcoultassjt@cam.ac.uk,B86w2HAHB2Vj,(795) 9917267,186,3756,https://robohash.org/71
716,Carter,Syme,csymeju@imageshack.us,SfTBuyi,(280) 8498162,186,3756,https://robohash.org/392
719,Harli,Leyrroyd,hleyrroydjx@prnewswire.com,RXJ3TGfI,(612) 9280953,240,3768,https://robohash.org/935
722,Slade,Dripp,sdrippk0@answers.com,eT9nJ6zwi,(756) 4496024,240,3768,https://robohash.org/63
724,Hugh,Dancey,hdanceyk2@apache.org,mXY70Wa,(997) 7387443,240,3768,https://robohash.org/685
725,Alisa,Darbon,adarbonk3@biblegateway.com,2Qy3bj,(286) 3488900,240,3768,https://robohash.org/799
731,Lonna,Phippard,lphippardk9@seattletimes.com,WlOedFy,(412) 3534177,67,3438,https://robohash.org/698
732,Agustin,Cowling,acowlingka@ask.com,N9kJ8YIvXJK,(331) 8164881,67,3438,https://robohash.org/11
738,Rorke,Wort,rwortkg@paypal.com,XkdXHRUY,(911) 1250919,67,3438,https://robohash.org/429
743,Devlin,McGhie,dmcghiekl@google.com.br,9cJSaX3L6G,(128) 9402650,67,3438,https://robohash.org/427
744,Felita,Eddolls,feddollskm@businesswire.com,JXsSjZOFkK,(943) 7506096,67,3438,https://robohash.org/518
757,Fraze,Ibbett,fibbettkz@intel.com,6BE2VADKrhN,(242) 2504950,142,3447,https://robohash.org/948
758,Lisha,Ozanne,lozannel0@netscape.com,6R7syRpa1D,(428) 6110317,142,3447,https://robohash.org/342
760,Ethelred,Lamming,elammingl2@reddit.com,JwSajOe2m49,(586) 5568731,142,3447,https://robohash.org/990
770,Orrin,Butler,obutlerlc@infoseek.co.jp,EIVv1N7Gb,(689) 8800622,142,3447,https://robohash.org/42
785,Juliette,Rakes,jrakeslr@hatena.ne.jp,fRp0S5xv97H2,(992) 5148416,219,3478,https://robohash.org/980
789,Marlena,Longwood,mlongwoodlv@time.com,D9BA5YTD36x,(297) 2986722,219,3478,https://robohash.org/85
790,Dianne,Peeter,dpeeterlw@usa.gov,24YE4mNP2vLk,(788) 4606055,69,3555,https://robohash.org/461
803,Timotheus,Haggleton,thaggletonm9@ask.com,q52fqO,(961) 5153796,69,3555,https://robohash.org/446
804,Davida,d'Escoffier,ddescoffierma@google.ru,gccnZ3xb,(742) 7386018,69,3555,https://robohash.org/580
814,Alfons,Staziker,astazikermk@mac.com,j32CWB,(158) 5358887,69,3555,https://robohash.org/611
815,Nancy,Baumber,nbaumberml@deviantart.com,vNeG8K,(476) 1234487,43,3570,https://robohash.org/159
823,Mavis,Padell,mpadellmt@google.fr,4JGjDBFN4,(402) 1554460,43,3570,https://robohash.org/287
824,Jarrett,Buggs,jbuggsmu@amazon.co.jp,Lm77b1,(563) 4431268,43,3570,https://robohash.org/426
828,Ryann,McLarty,rmclartymy@flickr.com,WAO00Q,(894) 6815397,43,3570,https://robohash.org/59
831,Ardene,Caesmans,acaesmansn1@gov.uk,dPF7ha,(727) 5188734,43,3570,https://robohash.org/345
832,Mona,McCurry,mmccurryn2@cocolog-nifty.com,GwLz7ncibJQ,(256) 6475889,43,3570,https://robohash.org/552
834,Pen,Lightfoot,plightfootn4@51.la,YagD6mf,(192) 4727807,17,3593,https://robohash.org/310
841,Martynne,Rentoll,mrentollnb@moonfruit.com,V20usm,(249) 9837673,17,3593,https://robohash.org/719
845,Dee dee,Piff,dpiffnf@xrea.com,nkALCWr,(304) 3308284,11,3634,https://robohash.org/633
847,Booth,Roggeman,broggemannh@nasa.gov,9vt1PoIu,(237) 8770679,11,3634,https://robohash.org/109
856,Broddie,Cassar,bcassarnq@who.int,ULy8YE,(143) 3362132,11,3634,https://robohash.org/790
862,Burch,Wallwood,bwallwoodnw@wired.com,S0TwunoIm,(790) 7855496,11,3634,https://robohash.org/374
863,Bernetta,Bratcher,bbratchernx@utexas.edu,4kcZGhBPOWN5,(477) 5192601,90,3657,https://robohash.org/702
873,Elsbeth,Camp,ecampo7@liveinternet.ru,UP0opZfR2TVA,(964) 8390548,90,3657,https://robohash.org/521
874,Jarid,Tookill,jtookillo8@cargocollective.com,G37DpEMCOrp,(256) 7038889,90,3657,https://robohash.org/44
875,Marline,Gagie,mgagieo9@pcworld.com,fuKFaDErBG,(194) 9097274,173,3678,https://robohash.org/492
883,Allister,Mettricke,amettrickeoh@feedburner.com,85wGKu0SOH,(984) 4712907,173,3678,https://robohash.org/669
887,Irma,Udy,iudyol@cocolog-nifty.com,rnCOsCLZls,(305) 7232742,173,3678,https://robohash.org/644
894,Nat,Goatman,ngoatmanos@hostgator.com,IIrRaUWq,(383) 9260001,173,3678,https://robohash.org/304
909,Twila,Sporgeon,tsporgeonp7@hugedomains.com,VYTVKO5rU,(125) 5683514,173,3678,https://robohash.org/235
921,Far,Bousquet,fbousquetpj@altervista.org,YPAoC3w,(583) 3217127,173,3678,https://robohash.org/433
922,Sofie,Hembling,shemblingpk@devhub.com,oCqcDOeL,(502) 5122387,173,3678,https://robohash.org/682
924,Tarah,Beningfield,tbeningfieldpm@phoca.cz,F7P5qhD2c,(284) 5199536,10,3703,https://robohash.org/496
930,Rowland,Fuller,rfullerps@barnesandnoble.com,VAuQRlck,(164) 4051515,10,3703,https://robohash.org/59
935,Cazzie,Yakunikov,cyakunikovpx@msn.com,0dJ6VNd,(419) 1011655,10,3703,https://robohash.org/877
942,Granville,McGinney,gmcginneyq4@qq.com,R0LpPKtH,(597) 7288337,10,3703,https://robohash.org/427
946,Tuesday,Blazeby,tblazebyq8@fc2.com,tZVlry,(368) 6826784,10,3703,https://robohash.org/761
955,Reine,Corneck,rcorneckqh@vinaora.com,pY2lMz,(301) 9640587,196,3711,https://robohash.org/347
958,Maribel,Crouse,mcrouseqk@forbes.com,d3rRO8,(975) 3755532,196,3711,https://robohash.org/245
963,Frankie,Callcott,fcallcottqp@4shared.com,ui31cvDN,(562) 2310485,196,3711,https://robohash.org/895
971,Genna,Presidey,gpresideyqx@exblog.jp,J92XiM,(604) 5395739,196,3711,https://robohash.org/591
982,Garth,Bester,gbesterr8@telegraph.co.uk,TjUKMVfNyw9,(486) 1790715,196,3711,https://robohash.org/473
983,Lesley,Dutch,ldutchr9@prnewswire.com,zohLsr,(364) 9046905,248,3723,https://robohash.org/197
984,Meyer,Djordjevic,mdjordjevicra@example.com,o4D6HYLGp,(100) 8030697,248,3723,https://robohash.org/869
986,Conrad,Gallelli,cgallellirc@geocities.com,nd4pNF,(816) 6662254,248,3723,https://robohash.org/819
990,Kathryne,Clissett,kclissettrg@fotki.com,IwOinIbqi6M8,(662) 6282409,248,3723,https://robohash.org/77
997,Rolf,Syseland,rsyselandrn@multiply.com,8uHmzOmUS,(699) 8858840,108,3742,https://robohash.org/621
1001,Edik,Randlesome,erandlesomerr@is.gd,9O3DRgTM,(888) 3593378,108,3742,https://robohash.org/746
